DFS Time (s),A* Time (s),UCS Time (s),IDS Time (s)
0.0001971721649169922,0.00021409988403320312,0.00012111663818359375,0.00047469139099121094
0.00017213821411132812,0.00020003318786621094,0.00019097328186035156,0.0010149478912353516
0.00023126602172851562,0.0002071857452392578,0.00011897087097167969,0.0011019706726074219
8.225440979003906e-05,0.0003859996795654297,0.0003647804260253906,0.00025916099548339844
9.703636169433594e-05,9.918212890625e-05,0.0001468658447265625,0.00028324127197265625
0.00011897087097167969,0.00021028518676757812,0.00017571449279785156,0.0007951259613037109
0.00028014183044433594,0.00014901161193847656,0.00012111663818359375,0.0004279613494873047
0.0001270771026611328,0.00015306472778320312,0.00013518333435058594,0.0006132125854492188
0.00013709068298339844,0.0001437664031982422,0.00010585784912109375,0.0004017353057861328
0.00020933151245117188,0.00010132789611816406,7.915496826171875e-05,0.00018835067749023438
0.00019407272338867188,0.00017690658569335938,0.00014734268188476562,0.0008120536804199219
0.00010704994201660156,0.00011801719665527344,9.226799011230469e-05,0.00019311904907226562
0.0001049041748046875,0.0001480579376220703,0.0001201629638671875,0.0005168914794921875
8.702278137207031e-05,0.00011205673217773438,9.012222290039062e-05,0.00034928321838378906
0.00010776519775390625,9.179115295410156e-05,8.0108642578125e-05,0.0002288818359375
0.00010704994201660156,0.00010204315185546875,8.392333984375e-05,0.0002410411834716797
9.083747863769531e-05,9.322166442871094e-05,8.20159912109375e-05,0.00032806396484375
9.393692016601562e-05,0.00017881393432617188,0.00013375282287597656,0.0008602142333984375
7.724761962890625e-05,8.702278137207031e-05,7.605552673339844e-05,0.00045490264892578125
7.987022399902344e-05,0.0001087188720703125,8.869171142578125e-05,0.00032806396484375
0.0001010894775390625,0.00018215179443359375,0.00014281272888183594,0.0009260177612304688
0.00010895729064941406,0.00015687942504882812,0.0001380443572998047,0.0007941722869873047
8.296966552734375e-05,8.177757263183594e-05,0.00010967254638671875,0.00016307830810546875
9.608268737792969e-05,0.00015687942504882812,0.00011396408081054688,0.0006792545318603516
8.7738037109375e-05,0.0001418590545654297,0.00011181831359863281,0.0007979869842529297
4.982948303222656e-05,7.557868957519531e-05,6.198883056640625e-05,0.00030422210693359375
7.987022399902344e-05,6.985664367675781e-05,6.985664367675781e-05,0.00016379356384277344
5.1021575927734375e-05,6.508827209472656e-05,5.507469177246094e-05,0.0001690387725830078
8.416175842285156e-05,0.00011587142944335938,9.393692016601562e-05,0.0004520416259765625
0.00010991096496582031,7.581710815429688e-05,6.079673767089844e-05,0.0002238750457763672
7.224082946777344e-05,0.00010991096496582031,9.012222290039062e-05,0.0006630420684814453
4.601478576660156e-05,5.888938903808594e-05,4.9114227294921875e-05,0.00015211105346679688
3.1948089599609375e-05,4.506111145019531e-05,3.600120544433594e-05,9.298324584960938e-05
5.888938903808594e-05,7.414817810058594e-05,6.914138793945312e-05,0.0002810955047607422
5.698204040527344e-05,8.821487426757812e-05,7.104873657226562e-05,0.0003859996795654297
7.796287536621094e-05,0.00011897087097167969,0.00010013580322265625,0.0004627704620361328
6.914138793945312e-05,9.989738464355469e-05,8.225440979003906e-05,0.00040793418884277344
5.3882598876953125e-05,5.3882598876953125e-05,4.506111145019531e-05,0.00011086463928222656
5.602836608886719e-05,8.082389831542969e-05,6.699562072753906e-05,0.0002951622009277344
0.00014209747314453125,0.00012111663818359375,7.200241088867188e-05,0.00023603439331054688
8.106231689453125e-05,0.0001049041748046875,8.106231689453125e-05,0.00046896934509277344
4.982948303222656e-05,6.771087646484375e-05,5.817413330078125e-05,0.00017189979553222656
0.0001010894775390625,0.0001049041748046875,8.177757263183594e-05,0.0003218650817871094
6.127357482910156e-05,8.082389831542969e-05,7.081031799316406e-05,0.00023603439331054688
6.580352783203125e-05,8.702278137207031e-05,0.00020694732666015625,0.0003230571746826172
7.510185241699219e-05,8.869171142578125e-05,7.987022399902344e-05,0.000682830810546875
8.225440979003906e-05,9.012222290039062e-05,7.700920104980469e-05,0.0002582073211669922
8.797645568847656e-05,0.00013303756713867188,0.0001010894775390625,0.0006809234619140625
8.893013000488281e-05,0.0002779960632324219,0.0001499652862548828,0.0006139278411865234
0.0001010894775390625,6.29425048828125e-05,5.1975250244140625e-05,0.00011801719665527344
5.3882598876953125e-05,8.082389831542969e-05,6.723403930664062e-05,0.0002980232238769531
0.00016117095947265625,0.00013208389282226562,6.29425048828125e-05,0.00016808509826660156
5.507469177246094e-05,8.273124694824219e-05,6.794929504394531e-05,0.0003058910369873047
8.392333984375e-05,0.00010204315185546875,8.487701416015625e-05,0.00034499168395996094
5.7697296142578125e-05,7.891654968261719e-05,6.699562072753906e-05,0.0002510547637939453
6.699562072753906e-05,9.393692016601562e-05,7.700920104980469e-05,0.0003829002380371094
6.508827209472656e-05,0.00010323524475097656,8.702278137207031e-05,0.00043392181396484375
6.914138793945312e-05,8.106231689453125e-05,6.413459777832031e-05,0.00023508071899414062
4.673004150390625e-05,5.6743621826171875e-05,5.3882598876953125e-05,0.00012183189392089844
5.698204040527344e-05,8.487701416015625e-05,6.604194641113281e-05,0.0002999305725097656
7.390975952148438e-05,0.0001049041748046875,9.012222290039062e-05,0.0004858970642089844
6.580352783203125e-05,0.00010800361633300781,9.799003601074219e-05,0.0005271434783935547
8.606910705566406e-05,0.00012421607971191406,0.000102996826171875,0.0005919933319091797
3.910064697265625e-05,5.1975250244140625e-05,3.886222839355469e-05,0.00010395050048828125
8.392333984375e-05,9.179115295410156e-05,8.511543273925781e-05,0.0002818107604980469
7.700920104980469e-05,0.0001010894775390625,0.0001227855682373047,0.000331878662109375
7.081031799316406e-05,7.724761962890625e-05,5.984306335449219e-05,0.000225067138671875
6.771087646484375e-05,7.390975952148438e-05,5.793571472167969e-05,0.00020623207092285156
5.1975250244140625e-05,6.604194641113281e-05,4.887580871582031e-05,0.00019311904907226562
5.1021575927734375e-05,9.322166442871094e-05,0.00011682510375976562,0.00029587745666503906
4.506111145019531e-05,5.2928924560546875e-05,4.410743713378906e-05,0.00013399124145507812
3.981590270996094e-05,5.602836608886719e-05,4.38690185546875e-05,0.0001380443572998047
3.504753112792969e-05,4.792213439941406e-05,4.291534423828125e-05,0.0001277923583984375
5.817413330078125e-05,0.00011420249938964844,8.821487426757812e-05,0.0005540847778320312
9.012222290039062e-05,0.00011014938354492188,0.00010395050048828125,0.00028014183044433594
4.7206878662109375e-05,5.602836608886719e-05,4.482269287109375e-05,0.0001342296600341797
5.91278076171875e-05,6.890296936035156e-05,6.175041198730469e-05,0.00026106834411621094
0.00010395050048828125,0.00012636184692382812,6.198883056640625e-05,0.00029206275939941406
4.100799560546875e-05,4.100799560546875e-05,3.1948089599609375e-05,8.0108642578125e-05
0.00016117095947265625,0.00015401840209960938,7.677078247070312e-05,0.00020694732666015625
0.0002689361572265625,0.0001418590545654297,0.00013327598571777344,0.00048613548278808594
4.8160552978515625e-05,6.914138793945312e-05,5.91278076171875e-05,0.0002789497375488281
5.507469177246094e-05,8.511543273925781e-05,7.295608520507812e-05,0.0004940032958984375
5.7220458984375e-05,7.796287536621094e-05,6.604194641113281e-05,0.0003581047058105469
3.600120544433594e-05,4.696846008300781e-05,4.100799560546875e-05,0.00012493133544921875
3.528594970703125e-05,0.00010275840759277344,0.00011491775512695312,0.0002009868621826172
5.888938903808594e-05,7.390975952148438e-05,6.389617919921875e-05,0.0003437995910644531
0.0001678466796875,8.606910705566406e-05,0.00013113021850585938,0.0003046989440917969
5.1021575927734375e-05,6.985664367675781e-05,6.29425048828125e-05,0.0002727508544921875
5.1975250244140625e-05,5.793571472167969e-05,4.792213439941406e-05,0.00021505355834960938
5.412101745605469e-05,8.392333984375e-05,7.510185241699219e-05,0.0004620552062988281
5.078315734863281e-05,8.273124694824219e-05,6.604194641113281e-05,0.00045609474182128906
6.389617919921875e-05,7.987022399902344e-05,6.985664367675781e-05,0.0003991127014160156
3.314018249511719e-05,6.794929504394531e-05,3.910064697265625e-05,7.700920104980469e-05
2.5987625122070312e-05,4.315376281738281e-05,3.528594970703125e-05,7.700920104980469e-05
3.981590270996094e-05,5.4836273193359375e-05,4.410743713378906e-05,0.00016689300537109375
6.818771362304688e-05,6.508827209472656e-05,4.792213439941406e-05,0.0002071857452392578
4.506111145019531e-05,5.793571472167969e-05,4.57763671875e-05,0.0001671314239501953
5.1975250244140625e-05,7.104873657226562e-05,6.29425048828125e-05,0.0003609657287597656
5.5789947509765625e-05,6.890296936035156e-05,6.914138793945312e-05,0.0002639293670654297
7.009506225585938e-05,9.226799011230469e-05,7.891654968261719e-05,0.00017571449279785156
0.0002789497375488281,0.0002529621124267578,0.0001289844512939453,0.0007619857788085938
4.1961669921875e-05,4.506111145019531e-05,4.8160552978515625e-05,0.00010395050048828125
2.8371810913085938e-05,4.7206878662109375e-05,3.790855407714844e-05,0.00011277198791503906
5.1975250244140625e-05,6.890296936035156e-05,6.508827209472656e-05,0.00032806396484375
4.601478576660156e-05,5.984306335449219e-05,4.673004150390625e-05,0.000202178955078125
9.083747863769531e-05,0.00010991096496582031,8.916854858398438e-05,0.0002701282501220703
0.0006909370422363281,0.00023508071899414062,0.0001461505889892578,0.0003151893615722656
6.580352783203125e-05,0.00010704994201660156,8.487701416015625e-05,0.0002598762512207031
0.00022673606872558594,0.0002338886260986328,0.00020599365234375,0.0008330345153808594
4.029273986816406e-05,5.3882598876953125e-05,0.00011301040649414062,0.00015425682067871094
9.989738464355469e-05,9.512901306152344e-05,7.915496826171875e-05,0.0001819133758544922
0.00012493133544921875,0.00024700164794921875,0.00011801719665527344,0.0007789134979248047
6.914138793945312e-05,5.316734313964844e-05,5.2928924560546875e-05,0.00019288063049316406
3.790855407714844e-05,4.601478576660156e-05,4.100799560546875e-05,0.00011205673217773438
3.409385681152344e-05,5.0067901611328125e-05,4.982948303222656e-05,0.00017905235290527344
3.0040740966796875e-05,4.482269287109375e-05,3.814697265625e-05,0.00013780593872070312
4.673004150390625e-05,6.818771362304688e-05,6.008148193359375e-05,0.0003101825714111328
3.4809112548828125e-05,4.506111145019531e-05,4.315376281738281e-05,0.00015091896057128906
0.00014591217041015625,0.00044083595275878906,0.0013458728790283203,0.0005741119384765625
3.0040740966796875e-05,3.790855407714844e-05,3.2901763916015625e-05,0.00010180473327636719
5.221366882324219e-05,6.031990051269531e-05,5.0067901611328125e-05,0.00021386146545410156
3.0994415283203125e-05,4.1961669921875e-05,3.409385681152344e-05,0.00013208389282226562
3.910064697265625e-05,5.125999450683594e-05,4.291534423828125e-05,0.000225067138671875
3.1948089599609375e-05,4.696846008300781e-05,3.981590270996094e-05,0.00013709068298339844
9.298324584960938e-05,0.0001232624053955078,0.00011014938354492188,0.0003819465637207031
5.602836608886719e-05,9.894371032714844e-05,6.508827209472656e-05,0.0003418922424316406
3.504753112792969e-05,5.0067901611328125e-05,4.506111145019531e-05,0.0001819133758544922
8.0108642578125e-05,0.00010800361633300781,5.698204040527344e-05,0.00018405914306640625
4.506111145019531e-05,7.009506225585938e-05,5.984306335449219e-05,0.0002989768981933594
4.1961669921875e-05,7.104873657226562e-05,5.91278076171875e-05,0.0003559589385986328
4.887580871582031e-05,6.103515625e-05,4.57763671875e-05,0.00023698806762695312
4.38690185546875e-05,6.794929504394531e-05,5.6743621826171875e-05,0.0003802776336669922
0.0001862049102783203,0.00024580955505371094,0.0008637905120849609,0.0007290840148925781
5.507469177246094e-05,7.224082946777344e-05,5.602836608886719e-05,0.0004029273986816406
9.918212890625e-05,6.29425048828125e-05,7.915496826171875e-05,0.00028705596923828125
3.3855438232421875e-05,4.7206878662109375e-05,4.315376281738281e-05,0.00014901161193847656
5.0067901611328125e-05,5.698204040527344e-05,7.128715515136719e-05,0.00021696090698242188
9.489059448242188e-05,0.00014400482177734375,0.00011086463928222656,0.0004038810729980469
3.981590270996094e-05,0.00011110305786132812,7.390975952148438e-05,0.00017595291137695312
4.601478576660156e-05,5.030632019042969e-05,3.7670135498046875e-05,0.00013494491577148438
4.506111145019531e-05,7.128715515136719e-05,5.698204040527344e-05,0.00043082237243652344
4.7206878662109375e-05,7.486343383789062e-05,7.295608520507812e-05,0.00036597251892089844
4.458427429199219e-05,4.291534423828125e-05,3.5762786865234375e-05,0.00010323524475097656
3.5762786865234375e-05,5.602836608886719e-05,4.220008850097656e-05,0.0001990795135498047
0.00013017654418945312,0.00015211105346679688,0.000537872314453125,0.0018200874328613281
4.887580871582031e-05,3.981590270996094e-05,3.1948089599609375e-05,9.012222290039062e-05
5.888938903808594e-05,5.507469177246094e-05,3.910064697265625e-05,0.00010967254638671875
4.076957702636719e-05,5.125999450683594e-05,4.38690185546875e-05,0.00015687942504882812
4.1961669921875e-05,5.0067901611328125e-05,4.315376281738281e-05,0.0002009868621826172
0.00013494491577148438,0.00022792816162109375,0.00016307830810546875,0.0008227825164794922
4.8160552978515625e-05,6.818771362304688e-05,5.602836608886719e-05,0.0003161430358886719
4.8160552978515625e-05,6.699562072753906e-05,5.984306335449219e-05,0.0003590583801269531
4.792213439941406e-05,4.076957702636719e-05,3.695487976074219e-05,0.0001232624053955078
3.409385681152344e-05,4.792213439941406e-05,4.982948303222656e-05,0.00015997886657714844
5.2928924560546875e-05,5.91278076171875e-05,5.1021575927734375e-05,0.00022602081298828125
4.696846008300781e-05,5.2928924560546875e-05,4.6253204345703125e-05,0.00018286705017089844
3.814697265625e-05,4.315376281738281e-05,4.315376281738281e-05,0.00010919570922851562
5.1975250244140625e-05,8.296966552734375e-05,6.079673767089844e-05,0.0002980232238769531
4.291534423828125e-05,6.67572021484375e-05,5.7220458984375e-05,0.0003979206085205078
0.00015306472778320312,0.00019097328186035156,0.00016689300537109375,0.0007948875427246094
4.410743713378906e-05,5.7220458984375e-05,4.506111145019531e-05,0.00019097328186035156
3.600120544433594e-05,4.601478576660156e-05,3.504753112792969e-05,0.0001399517059326172
2.8133392333984375e-05,3.981590270996094e-05,3.2901763916015625e-05,9.703636169433594e-05
2.8848648071289062e-05,4.506111145019531e-05,3.600120544433594e-05,0.0001430511474609375
3.62396240234375e-05,5.4836273193359375e-05,3.409385681152344e-05,9.799003601074219e-05
3.0994415283203125e-05,4.00543212890625e-05,3.3855438232421875e-05,0.00011706352233886719
8.511543273925781e-05,0.00010895729064941406,9.274482727050781e-05,0.00039505958557128906
0.00010395050048828125,0.00020313262939453125,9.703636169433594e-05,0.00037288665771484375
6.914138793945312e-05,0.00010704994201660156,9.226799011230469e-05,0.00026798248291015625
0.0002949237823486328,0.00028395652770996094,0.0002560615539550781,0.0007109642028808594
5.7220458984375e-05,5.602836608886719e-05,4.696846008300781e-05,0.00019311904907226562
3.6716461181640625e-05,5.3882598876953125e-05,4.291534423828125e-05,0.0002238750457763672
6.29425048828125e-05,5.602836608886719e-05,5.507469177246094e-05,0.00011110305786132812
5.078315734863281e-05,9.012222290039062e-05,6.413459777832031e-05,0.00011110305786132812
2.4080276489257812e-05,3.2901763916015625e-05,2.8133392333984375e-05,6.508827209472656e-05
7.176399230957031e-05,0.0001049041748046875,8.177757263183594e-05,0.00025081634521484375
9.608268737792969e-05,0.00014400482177734375,0.00013399124145507812,0.0007717609405517578
0.00011968612670898438,0.00017499923706054688,0.0001709461212158203,0.0007488727569580078
0.00015878677368164062,0.0001461505889892578,0.00011587142944335938,0.0004191398620605469
0.0001499652862548828,0.000308990478515625,0.00022983551025390625,0.0003490447998046875
4.38690185546875e-05,4.100799560546875e-05,3.314018249511719e-05,9.703636169433594e-05
4.673004150390625e-05,5.412101745605469e-05,4.792213439941406e-05,0.00019598007202148438
3.62396240234375e-05,4.9114227294921875e-05,4.00543212890625e-05,0.00018310546875
0.0001499652862548828,0.00011682510375976562,4.291534423828125e-05,0.0002071857452392578
7.510185241699219e-05,6.389617919921875e-05,5.984306335449219e-05,0.00022721290588378906
5.412101745605469e-05,8.392333984375e-05,7.104873657226562e-05,0.0003719329833984375
9.179115295410156e-05,0.00015783309936523438,6.580352783203125e-05,0.00018310546875
5.1975250244140625e-05,6.413459777832031e-05,5.3882598876953125e-05,0.00024390220642089844
5.888938903808594e-05,7.414817810058594e-05,9.298324584960938e-05,0.000453948974609375
4.601478576660156e-05,4.506111145019531e-05,6.604194641113281e-05,0.00014400482177734375
5.078315734863281e-05,6.985664367675781e-05,5.793571472167969e-05,0.0003490447998046875
2.4080276489257812e-05,3.1948089599609375e-05,2.9325485229492188e-05,6.67572021484375e-05
2.5033950805664062e-05,3.314018249511719e-05,2.7894973754882812e-05,6.604194641113281e-05
5.5789947509765625e-05,4.1961669921875e-05,3.2901763916015625e-05,9.703636169433594e-05
4.1961669921875e-05,6.175041198730469e-05,4.8160552978515625e-05,0.0002949237823486328
8.797645568847656e-05,0.00012493133544921875,0.000125885009765625,0.0002541542053222656
3.0040740966796875e-05,3.2901763916015625e-05,2.7179718017578125e-05,6.890296936035156e-05
4.887580871582031e-05,4.982948303222656e-05,4.00543212890625e-05,0.0001480579376220703
4.410743713378906e-05,4.410743713378906e-05,3.504753112792969e-05,0.0001227855682373047
3.62396240234375e-05,4.38690185546875e-05,3.790855407714844e-05,0.00014328956604003906
4.482269287109375e-05,6.508827209472656e-05,5.984306335449219e-05,0.0003249645233154297
4.410743713378906e-05,6.723403930664062e-05,6.008148193359375e-05,0.0003159046173095703
3.0994415283203125e-05,3.504753112792969e-05,3.314018249511719e-05,7.009506225585938e-05
3.409385681152344e-05,5.2928924560546875e-05,4.506111145019531e-05,0.00022292137145996094
2.7894973754882812e-05,4.1961669921875e-05,3.886222839355469e-05,0.0001289844512939453
4.38690185546875e-05,4.8160552978515625e-05,3.814697265625e-05,0.00014901161193847656
4.8160552978515625e-05,6.914138793945312e-05,5.91278076171875e-05,0.000286102294921875
5.2928924560546875e-05,5.3882598876953125e-05,4.1961669921875e-05,0.0001838207244873047
4.38690185546875e-05,5.030632019042969e-05,4.696846008300781e-05,0.00015497207641601562
3.0994415283203125e-05,4.57763671875e-05,3.719329833984375e-05,0.00013494491577148438
3.5762786865234375e-05,5.316734313964844e-05,7.200241088867188e-05,0.00016188621520996094
3.2901763916015625e-05,4.00543212890625e-05,3.314018249511719e-05,9.775161743164062e-05
4.220008850097656e-05,6.4849853515625e-05,5.412101745605469e-05,0.0003597736358642578
0.00012111663818359375,0.0001571178436279297,0.00013327598571777344,0.0007381439208984375
3.62396240234375e-05,5.1021575927734375e-05,4.601478576660156e-05,0.0002238750457763672
3.7670135498046875e-05,3.6716461181640625e-05,3.1948089599609375e-05,0.000164031982421875
2.5272369384765625e-05,3.600120544433594e-05,3.1948089599609375e-05,9.489059448242188e-05
5.1975250244140625e-05,6.29425048828125e-05,5.984306335449219e-05,0.00026297569274902344
4.792213439941406e-05,7.200241088867188e-05,6.198883056640625e-05,0.00033402442932128906
0.00010323524475097656,0.00011515617370605469,9.799003601074219e-05,0.0002770423889160156
0.00015091896057128906,0.0003428459167480469,0.00015997886657714844,0.0008730888366699219
4.982948303222656e-05,6.914138793945312e-05,5.91278076171875e-05,0.0002779960632324219
6.008148193359375e-05,8.225440979003906e-05,6.580352783203125e-05,0.00040793418884277344
0.00011396408081054688,0.00015091896057128906,7.295608520507812e-05,0.0002582073211669922
3.409385681152344e-05,8.797645568847656e-05,5.602836608886719e-05,9.703636169433594e-05
0.00012803077697753906,0.0001919269561767578,0.0001900196075439453,0.0010569095611572266
0.00010800361633300781,0.00011110305786132812,9.489059448242188e-05,0.0002758502960205078
0.0001220703125,0.00018215179443359375,0.00020599365234375,0.0009419918060302734
0.0001327991485595703,0.0002551078796386719,0.00017499923706054688,0.0008897781372070312
5.507469177246094e-05,7.724761962890625e-05,7.009506225585938e-05,0.0003299713134765625
3.0994415283203125e-05,4.315376281738281e-05,3.910064697265625e-05,8.988380432128906e-05
5.91278076171875e-05,7.915496826171875e-05,7.104873657226562e-05,0.00035500526428222656
0.00013113021850585938,0.0002129077911376953,0.00015807151794433594,0.0009639263153076172
0.0002181529998779297,0.0002720355987548828,9.417533874511719e-05,0.0006849765777587891
6.985664367675781e-05,9.584426879882812e-05,8.869171142578125e-05,0.00044798851013183594
5.817413330078125e-05,7.796287536621094e-05,6.580352783203125e-05,0.000247955322265625
6.699562072753906e-05,5.626678466796875e-05,4.482269287109375e-05,0.00013709068298339844
8.702278137207031e-05,9.703636169433594e-05,7.128715515136719e-05,0.00017189979553222656
4.673004150390625e-05,7.295608520507812e-05,5.698204040527344e-05,0.00022602081298828125
3.814697265625e-05,5.507469177246094e-05,4.1961669921875e-05,0.0001380443572998047
6.985664367675781e-05,0.00013589859008789062,9.202957153320312e-05,0.0005621910095214844
6.008148193359375e-05,6.604194641113281e-05,6.222724914550781e-05,0.00017023086547851562
6.198883056640625e-05,7.915496826171875e-05,6.985664367675781e-05,0.00029397010803222656
0.00027298927307128906,0.0002009868621826172,0.00011587142944335938,0.0004169940948486328
6.67572021484375e-05,6.67572021484375e-05,5.0067901611328125e-05,0.00014519691467285156
3.719329833984375e-05,5.626678466796875e-05,5.0067901611328125e-05,0.00014495849609375
3.790855407714844e-05,6.198883056640625e-05,5.4836273193359375e-05,0.000202178955078125
7.081031799316406e-05,0.00010895729064941406,8.702278137207031e-05,0.0005550384521484375
0.00015115737915039062,0.00017786026000976562,0.0001239776611328125,0.0005450248718261719
4.982948303222656e-05,5.3882598876953125e-05,4.7206878662109375e-05,0.00013184547424316406
3.218650817871094e-05,4.792213439941406e-05,3.886222839355469e-05,0.0001201629638671875
5.507469177246094e-05,6.318092346191406e-05,5.2928924560546875e-05,0.00023293495178222656
4.506111145019531e-05,7.104873657226562e-05,6.103515625e-05,0.0003578662872314453
0.00011491775512695312,0.00014591217041015625,0.00012373924255371094,0.0005040168762207031
0.00020194053649902344,0.0002868175506591797,0.0003387928009033203,0.0011718273162841797
4.506111145019531e-05,0.00011706352233886719,5.125999450683594e-05,0.0001728534698486328
5.2928924560546875e-05,8.082389831542969e-05,6.890296936035156e-05,0.0003600120544433594
9.393692016601562e-05,8.392333984375e-05,0.00011110305786132812,0.0004601478576660156
9.274482727050781e-05,0.00023293495178222656,0.00019097328186035156,0.0004208087921142578
5.1975250244140625e-05,5.6743621826171875e-05,4.410743713378906e-05,0.00015687942504882812
0.00012683868408203125,0.0001380443572998047,0.00013208389282226562,0.00042438507080078125
4.315376281738281e-05,5.6743621826171875e-05,7.700920104980469e-05,0.00019311904907226562
4.7206878662109375e-05,5.1975250244140625e-05,5.0067901611328125e-05,0.00013494491577148438
4.57763671875e-05,6.985664367675781e-05,6.29425048828125e-05,0.0002989768981933594
5.4836273193359375e-05,9.012222290039062e-05,7.319450378417969e-05,0.0004730224609375
3.600120544433594e-05,5.173683166503906e-05,4.6253204345703125e-05,0.00016689300537109375
5.221366882324219e-05,6.198883056640625e-05,4.887580871582031e-05,0.00021719932556152344
5.412101745605469e-05,7.772445678710938e-05,6.914138793945312e-05,0.00042176246643066406
3.504753112792969e-05,7.700920104980469e-05,4.100799560546875e-05,0.00015497207641601562
3.695487976074219e-05,5.698204040527344e-05,4.8160552978515625e-05,0.00024819374084472656
3.0994415283203125e-05,4.601478576660156e-05,4.1961669921875e-05,0.0001506805419921875
2.5987625122070312e-05,3.814697265625e-05,3.0994415283203125e-05,0.000102996826171875
4.673004150390625e-05,7.200241088867188e-05,6.079673767089844e-05,0.00040912628173828125
2.288818359375e-05,3.1948089599609375e-05,2.6226043701171875e-05,6.699562072753906e-05
3.075599670410156e-05,4.100799560546875e-05,3.409385681152344e-05,0.00010585784912109375
4.100799560546875e-05,7.581710815429688e-05,8.702278137207031e-05,0.00040221214294433594
3.62396240234375e-05,4.38690185546875e-05,3.695487976074219e-05,0.00011301040649414062
3.886222839355469e-05,5.698204040527344e-05,4.315376281738281e-05,0.000164031982421875
5.1021575927734375e-05,4.8160552978515625e-05,4.315376281738281e-05,0.000125885009765625
2.5987625122070312e-05,7.295608520507812e-05,3.933906555175781e-05,8.273124694824219e-05
5.984306335449219e-05,6.771087646484375e-05,5.888938903808594e-05,0.00028896331787109375
5.316734313964844e-05,6.985664367675781e-05,7.295608520507812e-05,0.00036406517028808594
4.8160552978515625e-05,7.605552673339844e-05,5.888938903808594e-05,0.0004410743713378906
6.103515625e-05,8.296966552734375e-05,7.390975952148438e-05,0.0004429817199707031
3.0994415283203125e-05,6.914138793945312e-05,4.1961669921875e-05,0.0001201629638671875
4.410743713378906e-05,5.793571472167969e-05,5.078315734863281e-05,0.0002219676971435547
3.218650817871094e-05,5.1975250244140625e-05,4.6253204345703125e-05,0.0001957416534423828
3.409385681152344e-05,5.030632019042969e-05,4.1961669921875e-05,0.00016832351684570312
5.412101745605469e-05,5.888938903808594e-05,4.696846008300781e-05,0.00019931793212890625
3.528594970703125e-05,5.1975250244140625e-05,4.291534423828125e-05,0.00016307830810546875
4.887580871582031e-05,0.00015783309936523438,6.389617919921875e-05,8.130073547363281e-05
4.029273986816406e-05,5.2928924560546875e-05,3.886222839355469e-05,0.00016307830810546875
3.1948089599609375e-05,0.00011301040649414062,7.796287536621094e-05,8.296966552734375e-05
5.888938903808594e-05,7.295608520507812e-05,7.104873657226562e-05,0.0003368854522705078
3.7670135498046875e-05,8.869171142578125e-05,4.601478576660156e-05,0.00015115737915039062
5.0067901611328125e-05,6.818771362304688e-05,6.008148193359375e-05,0.0002770423889160156
4.982948303222656e-05,0.00014495849609375,0.00013375282287597656,0.0006892681121826172
5.91278076171875e-05,7.486343383789062e-05,7.200241088867188e-05,0.0004138946533203125
3.314018249511719e-05,4.8160552978515625e-05,3.6716461181640625e-05,0.00011205673217773438
4.00543212890625e-05,5.3882598876953125e-05,4.601478576660156e-05,0.0001609325408935547
4.9114227294921875e-05,5.316734313964844e-05,4.506111145019531e-05,0.0002288818359375
3.0279159545898438e-05,3.886222839355469e-05,3.1948089599609375e-05,7.510185241699219e-05
3.409385681152344e-05,7.414817810058594e-05,4.792213439941406e-05,0.00016307830810546875
4.696846008300781e-05,6.389617919921875e-05,5.412101745605469e-05,0.00022029876708984375
2.4080276489257812e-05,3.504753112792969e-05,3.314018249511719e-05,7.104873657226562e-05
8.296966552734375e-05,8.106231689453125e-05,6.890296936035156e-05,0.0004119873046875
3.910064697265625e-05,5.91278076171875e-05,4.8160552978515625e-05,0.00022101402282714844
4.410743713378906e-05,4.8160552978515625e-05,4.1961669921875e-05,0.0001506805419921875
3.695487976074219e-05,5.1975250244140625e-05,4.1961669921875e-05,0.00016880035400390625
3.0040740966796875e-05,4.696846008300781e-05,3.933906555175781e-05,0.00015282630920410156
3.0994415283203125e-05,3.6716461181640625e-05,3.409385681152344e-05,7.605552673339844e-05
3.981590270996094e-05,5.412101745605469e-05,3.886222839355469e-05,0.00015091896057128906
4.482269287109375e-05,4.410743713378906e-05,3.695487976074219e-05,0.0001480579376220703
4.410743713378906e-05,4.410743713378906e-05,3.600120544433594e-05,0.00010895729064941406
4.696846008300781e-05,7.724761962890625e-05,6.723403930664062e-05,0.0004761219024658203
5.0067901611328125e-05,6.890296936035156e-05,5.698204040527344e-05,0.00027823448181152344
4.982948303222656e-05,4.696846008300781e-05,3.886222839355469e-05,0.0001430511474609375
3.0040740966796875e-05,3.504753112792969e-05,3.409385681152344e-05,7.915496826171875e-05
5.125999450683594e-05,5.1021575927734375e-05,4.982948303222656e-05,0.0001251697540283203
3.1948089599609375e-05,4.696846008300781e-05,4.00543212890625e-05,0.00014519691467285156
3.600120544433594e-05,4.506111145019531e-05,3.7670135498046875e-05,0.00011396408081054688
3.4809112548828125e-05,3.719329833984375e-05,3.0040740966796875e-05,7.414817810058594e-05
4.291534423828125e-05,5.412101745605469e-05,5.078315734863281e-05,0.00018095970153808594
3.814697265625e-05,5.817413330078125e-05,4.673004150390625e-05,0.0002589225769042969
3.695487976074219e-05,5.602836608886719e-05,4.8160552978515625e-05,0.00020575523376464844
5.8650970458984375e-05,7.700920104980469e-05,5.91278076171875e-05,0.00024390220642089844
6.29425048828125e-05,6.508827209472656e-05,5.507469177246094e-05,0.0002727508544921875
3.2901763916015625e-05,5.1021575927734375e-05,4.1961669921875e-05,0.00019812583923339844
5.0067901611328125e-05,5.602836608886719e-05,5.1975250244140625e-05,0.0001628398895263672
2.6941299438476562e-05,3.504753112792969e-05,3.0994415283203125e-05,7.414817810058594e-05
3.886222839355469e-05,4.601478576660156e-05,4.8160552978515625e-05,0.00011992454528808594
2.9087066650390625e-05,4.506111145019531e-05,3.504753112792969e-05,0.00014472007751464844
4.935264587402344e-05,5.817413330078125e-05,5.1021575927734375e-05,0.00018095970153808594
3.2901763916015625e-05,3.790855407714844e-05,3.4809112548828125e-05,7.581710815429688e-05
3.2901763916015625e-05,4.935264587402344e-05,3.814697265625e-05,0.00015282630920410156
3.504753112792969e-05,5.1021575927734375e-05,4.291534423828125e-05,0.0001239776611328125
5.507469177246094e-05,7.295608520507812e-05,4.506111145019531e-05,0.00013184547424316406
3.910064697265625e-05,4.100799560546875e-05,3.695487976074219e-05,8.606910705566406e-05
7.009506225585938e-05,6.079673767089844e-05,5.1975250244140625e-05,0.00022292137145996094
5.507469177246094e-05,0.00022602081298828125,0.00015091896057128906,0.0006539821624755859
5.1975250244140625e-05,7.486343383789062e-05,6.341934204101562e-05,0.000347137451171875
3.0040740966796875e-05,3.790855407714844e-05,3.1948089599609375e-05,7.891654968261719e-05
7.009506225585938e-05,6.198883056640625e-05,4.57763671875e-05,0.0001590251922607422
5.507469177246094e-05,8.225440979003906e-05,7.009506225585938e-05,0.0004372596740722656
4.792213439941406e-05,6.890296936035156e-05,5.817413330078125e-05,0.0003368854522705078
2.7894973754882812e-05,4.1961669921875e-05,5.698204040527344e-05,0.00011706352233886719
5.888938903808594e-05,4.506111145019531e-05,3.719329833984375e-05,0.00010991096496582031
6.389617919921875e-05,7.200241088867188e-05,6.198883056640625e-05,0.0003502368927001953
5.412101745605469e-05,8.606910705566406e-05,7.081031799316406e-05,0.00045609474182128906
4.696846008300781e-05,7.176399230957031e-05,6.198883056640625e-05,0.0003521442413330078
4.57763671875e-05,7.700920104980469e-05,6.699562072753906e-05,0.00042128562927246094
3.719329833984375e-05,3.910064697265625e-05,3.1948089599609375e-05,8.0108642578125e-05
4.673004150390625e-05,6.914138793945312e-05,8.893013000488281e-05,0.00031185150146484375
3.409385681152344e-05,5.412101745605469e-05,0.0001201629638671875,0.00010085105895996094
6.079673767089844e-05,8.082389831542969e-05,7.295608520507812e-05,0.0003190040588378906
6.389617919921875e-05,0.00010395050048828125,7.510185241699219e-05,0.0004889965057373047
5.2928924560546875e-05,6.604194641113281e-05,9.703636169433594e-05,0.0002689361572265625
4.8160552978515625e-05,0.0001761913299560547,7.605552673339844e-05,0.00025916099548339844
4.506111145019531e-05,5.5789947509765625e-05,4.506111145019531e-05,0.00016880035400390625
5.507469177246094e-05,8.0108642578125e-05,6.580352783203125e-05,0.0004360675811767578
3.719329833984375e-05,4.38690185546875e-05,4.1961669921875e-05,0.00011801719665527344
5.412101745605469e-05,0.00010585784912109375,0.00011706352233886719,0.00018405914306640625
5.0067901611328125e-05,7.82012939453125e-05,6.413459777832031e-05,0.00039005279541015625
4.887580871582031e-05,0.00011992454528808594,0.00011205673217773438,0.0004119873046875
5.2928924560546875e-05,7.104873657226562e-05,5.3882598876953125e-05,0.0002579689025878906
4.792213439941406e-05,6.508827209472656e-05,6.341934204101562e-05,0.0002579689025878906
2.5987625122070312e-05,3.886222839355469e-05,3.0994415283203125e-05,0.000102996826171875
3.0994415283203125e-05,4.220008850097656e-05,3.314018249511719e-05,0.00011420249938964844
5.4836273193359375e-05,7.987022399902344e-05,6.29425048828125e-05,0.0004191398620605469
3.504753112792969e-05,5.412101745605469e-05,3.409385681152344e-05,7.081031799316406e-05
5.817413330078125e-05,8.392333984375e-05,7.200241088867188e-05,0.0003409385681152344
4.696846008300781e-05,9.012222290039062e-05,5.2928924560546875e-05,0.00021886825561523438
3.6716461181640625e-05,3.504753112792969e-05,3.0040740966796875e-05,7.224082946777344e-05
3.910064697265625e-05,4.8160552978515625e-05,4.506111145019531e-05,0.0001571178436279297
4.291534423828125e-05,8.296966552734375e-05,6.890296936035156e-05,0.0003440380096435547
3.600120544433594e-05,6.29425048828125e-05,4.887580871582031e-05,0.0002281665802001953
4.7206878662109375e-05,7.009506225585938e-05,8.606910705566406e-05,0.00034618377685546875
4.315376281738281e-05,7.390975952148438e-05,9.989738464355469e-05,0.0004878044128417969
5.698204040527344e-05,4.7206878662109375e-05,3.719329833984375e-05,0.00010895729064941406
4.1961669921875e-05,7.009506225585938e-05,6.604194641113281e-05,0.00034809112548828125
2.5987625122070312e-05,3.409385681152344e-05,2.7894973754882812e-05,9.489059448242188e-05
4.601478576660156e-05,7.772445678710938e-05,6.508827209472656e-05,0.0004298686981201172
4.887580871582031e-05,6.890296936035156e-05,6.389617919921875e-05,0.0003209114074707031
4.267692565917969e-05,5.817413330078125e-05,4.9114227294921875e-05,0.00018095970153808594
3.1948089599609375e-05,4.982948303222656e-05,3.719329833984375e-05,0.0001652240753173828
5.4836273193359375e-05,7.700920104980469e-05,6.699562072753906e-05,0.00032711029052734375
2.8848648071289062e-05,3.695487976074219e-05,3.409385681152344e-05,7.486343383789062e-05
3.790855407714844e-05,6.103515625e-05,5.1975250244140625e-05,0.0002269744873046875
3.719329833984375e-05,5.698204040527344e-05,4.673004150390625e-05,0.00025916099548339844
4.38690185546875e-05,7.104873657226562e-05,5.6743621826171875e-05,0.0003170967102050781
7.200241088867188e-05,6.508827209472656e-05,5.412101745605469e-05,0.0002570152282714844
3.0040740966796875e-05,4.506111145019531e-05,4.029273986816406e-05,0.00011801719665527344
3.981590270996094e-05,6.67572021484375e-05,5.2928924560546875e-05,0.00017571449279785156
4.1961669921875e-05,6.103515625e-05,5.1975250244140625e-05,0.0002219676971435547
5.1975250244140625e-05,5.078315734863281e-05,4.1961669921875e-05,0.00015592575073242188
2.6702880859375e-05,3.790855407714844e-05,3.504753112792969e-05,8.034706115722656e-05
5.507469177246094e-05,7.724761962890625e-05,6.771087646484375e-05,0.0003299713134765625
2.384185791015625e-05,3.4809112548828125e-05,2.7894973754882812e-05,7.390975952148438e-05
4.9114227294921875e-05,8.797645568847656e-05,6.985664367675781e-05,0.00047898292541503906
6.079673767089844e-05,8.606910705566406e-05,7.009506225585938e-05,0.00037097930908203125
5.5789947509765625e-05,8.988380432128906e-05,7.295608520507812e-05,0.0004489421844482422
3.4809112548828125e-05,5.1021575927734375e-05,4.1961669921875e-05,0.00015687942504882812
4.9114227294921875e-05,6.318092346191406e-05,5.602836608886719e-05,0.00027108192443847656
4.2438507080078125e-05,6.723403930664062e-05,6.4849853515625e-05,0.00028705596923828125
5.1975250244140625e-05,5.0067901611328125e-05,4.1961669921875e-05,0.00015687942504882812
6.318092346191406e-05,8.893013000488281e-05,7.081031799316406e-05,0.0005419254302978516
4.291534423828125e-05,4.100799560546875e-05,3.886222839355469e-05,9.012222290039062e-05
6.008148193359375e-05,6.008148193359375e-05,4.7206878662109375e-05,0.00016999244689941406
4.887580871582031e-05,7.200241088867188e-05,5.984306335449219e-05,0.0002970695495605469
4.8160552978515625e-05,6.604194641113281e-05,5.6743621826171875e-05,0.0002810955047607422
4.315376281738281e-05,6.29425048828125e-05,5.0067901611328125e-05,0.0002589225769042969
0.00010180473327636719,8.177757263183594e-05,3.790855407714844e-05,0.00013017654418945312
5.817413330078125e-05,4.291534423828125e-05,2.8371810913085938e-05,6.985664367675781e-05
4.38690185546875e-05,7.104873657226562e-05,5.817413330078125e-05,0.00033783912658691406
3.409385681152344e-05,5.078315734863281e-05,4.1961669921875e-05,0.00019407272338867188
2.5272369384765625e-05,3.504753112792969e-05,3.218650817871094e-05,7.605552673339844e-05
4.792213439941406e-05,7.605552673339844e-05,6.29425048828125e-05,0.00044274330139160156
4.1961669921875e-05,6.604194641113281e-05,6.103515625e-05,0.0002880096435546875
3.790855407714844e-05,4.506111145019531e-05,5.0067901611328125e-05,0.0001621246337890625
5.91278076171875e-05,6.413459777832031e-05,5.507469177246094e-05,0.00023174285888671875
7.200241088867188e-05,9.870529174804688e-05,6.508827209472656e-05,0.0003039836883544922
3.981590270996094e-05,6.508827209472656e-05,5.6743621826171875e-05,0.0003261566162109375
3.2901763916015625e-05,4.792213439941406e-05,4.673004150390625e-05,0.00016736984252929688
5.984306335449219e-05,7.772445678710938e-05,6.604194641113281e-05,0.0004382133483886719
4.38690185546875e-05,4.696846008300781e-05,4.100799560546875e-05,0.000148773193359375
4.124641418457031e-05,6.222724914550781e-05,7.486343383789062e-05,0.00029397010803222656
5.3882598876953125e-05,8.606910705566406e-05,4.57763671875e-05,0.0001430511474609375
3.1948089599609375e-05,4.506111145019531e-05,3.910064697265625e-05,0.00011801719665527344
3.886222839355469e-05,5.91278076171875e-05,5.030632019042969e-05,0.00025391578674316406
4.57763671875e-05,8.20159912109375e-05,6.508827209472656e-05,0.0004410743713378906
6.008148193359375e-05,7.104873657226562e-05,6.389617919921875e-05,0.0002498626708984375
3.0994415283203125e-05,5.173683166503906e-05,4.410743713378906e-05,0.0001671314239501953
4.6253204345703125e-05,6.914138793945312e-05,5.817413330078125e-05,0.0003230571746826172
5.5789947509765625e-05,7.176399230957031e-05,6.4849853515625e-05,0.0003147125244140625
2.47955322265625e-05,3.600120544433594e-05,3.123283386230469e-05,7.200241088867188e-05
4.291534423828125e-05,6.723403930664062e-05,5.817413330078125e-05,0.00032210350036621094
6.008148193359375e-05,8.606910705566406e-05,6.794929504394531e-05,0.0004930496215820312
4.291534423828125e-05,8.082389831542969e-05,6.604194641113281e-05,0.0004668235778808594
2.3126602172851562e-05,3.0994415283203125e-05,2.47955322265625e-05,6.723403930664062e-05
4.9114227294921875e-05,5.91278076171875e-05,5.1021575927734375e-05,0.00022411346435546875
4.410743713378906e-05,3.695487976074219e-05,5.602836608886719e-05,7.891654968261719e-05
3.0994415283203125e-05,3.719329833984375e-05,3.218650817871094e-05,7.390975952148438e-05
4.315376281738281e-05,4.887580871582031e-05,3.910064697265625e-05,0.0001518726348876953
4.9114227294921875e-05,8.034706115722656e-05,6.508827209472656e-05,0.0004379749298095703
4.7206878662109375e-05,5.7697296142578125e-05,6.103515625e-05,0.0002689361572265625
2.5987625122070312e-05,3.504753112792969e-05,3.1948089599609375e-05,7.581710815429688e-05
2.6941299438476562e-05,4.100799560546875e-05,3.504753112792969e-05,0.00010776519775390625
4.9114227294921875e-05,7.128715515136719e-05,6.198883056640625e-05,0.0002951622009277344
5.507469177246094e-05,0.00011801719665527344,0.00016880035400390625,0.0005581378936767578
3.3855438232421875e-05,5.2928924560546875e-05,9.989738464355469e-05,8.0108642578125e-05
5.91278076171875e-05,5.698204040527344e-05,4.673004150390625e-05,0.0001518726348876953
3.981590270996094e-05,0.0001239776611328125,4.792213439941406e-05,0.000164031982421875
3.2901763916015625e-05,4.506111145019531e-05,3.504753112792969e-05,0.00010704994201660156
4.601478576660156e-05,7.390975952148438e-05,4.601478576660156e-05,0.0001220703125
4.8160552978515625e-05,5.5789947509765625e-05,4.7206878662109375e-05,0.00016117095947265625
5.1021575927734375e-05,4.887580871582031e-05,3.886222839355469e-05,0.00011324882507324219
6.103515625e-05,8.702278137207031e-05,6.794929504394531e-05,0.0004582405090332031
4.100799560546875e-05,0.0001277923583984375,4.506111145019531e-05,0.00017690658569335938
9.107589721679688e-05,0.00011181831359863281,8.916854858398438e-05,0.0002598762512207031
0.00013589859008789062,0.00024390220642089844,9.179115295410156e-05,0.00047087669372558594
6.890296936035156e-05,9.179115295410156e-05,6.985664367675781e-05,0.0005888938903808594
5.793571472167969e-05,7.200241088867188e-05,6.389617919921875e-05,0.0002541542053222656
4.696846008300781e-05,6.67572021484375e-05,5.412101745605469e-05,0.00023698806762695312
5.698204040527344e-05,7.295608520507812e-05,8.726119995117188e-05,0.0002548694610595703
0.00013399124145507812,6.127357482910156e-05,4.220008850097656e-05,0.00013399124145507812
4.00543212890625e-05,5.3882598876953125e-05,4.673004150390625e-05,0.0001742839813232422
5.793571472167969e-05,0.00010228157043457031,6.103515625e-05,0.00030422210693359375
3.790855407714844e-05,4.887580871582031e-05,4.1961669921875e-05,0.0001201629638671875
8.0108642578125e-05,0.00021314620971679688,9.799003601074219e-05,0.00019931793212890625
0.00012493133544921875,0.000141143798828125,0.00010585784912109375,0.00041604042053222656
9.703636169433594e-05,0.0001819133758544922,0.00015211105346679688,0.0004968643188476562
5.507469177246094e-05,6.508827209472656e-05,6.29425048828125e-05,0.0001888275146484375
4.982948303222656e-05,6.890296936035156e-05,5.5789947509765625e-05,0.0002930164337158203
3.600120544433594e-05,5.3882598876953125e-05,4.410743713378906e-05,0.00021123886108398438
0.00013899803161621094,0.00015020370483398438,0.0001499652862548828,0.0005309581756591797
0.0001163482666015625,0.000125885009765625,0.000102996826171875,0.00036716461181640625
6.604194641113281e-05,8.392333984375e-05,7.700920104980469e-05,0.0003972053527832031
4.124641418457031e-05,6.914138793945312e-05,5.602836608886719e-05,0.00024127960205078125
4.291534423828125e-05,5.984306335449219e-05,4.601478576660156e-05,0.0002200603485107422
4.029273986816406e-05,5.1975250244140625e-05,4.792213439941406e-05,0.00019025802612304688
0.00012111663818359375,0.00018477439880371094,0.0001308917999267578,0.0005488395690917969
9.822845458984375e-05,0.00015115737915039062,0.00013017654418945312,0.0005323886871337891
5.0067901611328125e-05,6.29425048828125e-05,5.1975250244140625e-05,0.00017404556274414062
5.602836608886719e-05,6.508827209472656e-05,5.2928924560546875e-05,0.0002307891845703125
3.0040740966796875e-05,6.699562072753906e-05,3.719329833984375e-05,0.00013113021850585938
0.0001270771026611328,0.0001392364501953125,0.00011801719665527344,0.00030612945556640625
0.00011396408081054688,0.00018095970153808594,0.000141143798828125,0.0008358955383300781
9.226799011230469e-05,0.0001480579376220703,0.0001442432403564453,0.0007171630859375
6.079673767089844e-05,5.1975250244140625e-05,4.291534423828125e-05,0.00011968612670898438
5.0067901611328125e-05,6.318092346191406e-05,6.29425048828125e-05,0.00026702880859375
5.412101745605469e-05,6.222724914550781e-05,5.1021575927734375e-05,0.0001811981201171875
5.2928924560546875e-05,7.128715515136719e-05,5.817413330078125e-05,0.0003190040588378906
0.00015306472778320312,0.00013899803161621094,0.00011706352233886719,0.0003771781921386719
0.00017690658569335938,0.00020885467529296875,0.0002751350402832031,0.0012149810791015625
4.57763671875e-05,6.103515625e-05,4.887580871582031e-05,0.00018310546875
6.794929504394531e-05,9.894371032714844e-05,8.20159912109375e-05,0.0005180835723876953
8.702278137207031e-05,7.486343383789062e-05,6.318092346191406e-05,0.00024890899658203125
4.220008850097656e-05,5.1975250244140625e-05,4.982948303222656e-05,0.0001347064971923828
0.00023698806762695312,0.00024390220642089844,0.00013589859008789062,0.0009698867797851562
6.29425048828125e-05,8.606910705566406e-05,6.890296936035156e-05,0.00041222572326660156
5.078315734863281e-05,9.179115295410156e-05,7.915496826171875e-05,0.0004811286926269531
5.7220458984375e-05,0.00010323524475097656,7.486343383789062e-05,0.00047707557678222656
0.00010800361633300781,9.799003601074219e-05,8.296966552734375e-05,0.00019097328186035156
0.00015997886657714844,0.0003559589385986328,0.00023508071899414062,0.0010440349578857422
5.5789947509765625e-05,9.107589721679688e-05,6.103515625e-05,0.0001919269561767578
4.100799560546875e-05,6.222724914550781e-05,5.0067901611328125e-05,0.0001881122589111328
6.008148193359375e-05,5.078315734863281e-05,5.0067901611328125e-05,0.00013709068298339844
4.315376281738281e-05,6.508827209472656e-05,5.1975250244140625e-05,0.00023293495178222656
0.00012993812561035156,0.00012922286987304688,0.00015616416931152344,0.0004200935363769531
5.316734313964844e-05,8.0108642578125e-05,7.82012939453125e-05,0.00038886070251464844
3.266334533691406e-05,4.38690185546875e-05,4.291534423828125e-05,9.322166442871094e-05
6.198883056640625e-05,9.179115295410156e-05,7.987022399902344e-05,0.0004949569702148438
6.389617919921875e-05,5.3882598876953125e-05,6.985664367675781e-05,0.0001571178436279297
0.00010514259338378906,0.0001289844512939453,0.00010919570922851562,0.0003998279571533203
0.00015997886657714844,0.0002942085266113281,0.00018405914306640625,0.0007941722869873047
3.981590270996094e-05,5.1975250244140625e-05,4.00543212890625e-05,0.00012612342834472656
3.218650817871094e-05,4.291534423828125e-05,3.719329833984375e-05,8.678436279296875e-05
5.1975250244140625e-05,8.797645568847656e-05,7.82012939453125e-05,0.000370025634765625
7.033348083496094e-05,9.012222290039062e-05,9.179115295410156e-05,0.00039696693420410156
7.772445678710938e-05,0.00010228157043457031,8.20159912109375e-05,0.00019311904907226562
0.0001919269561767578,0.0005509853363037109,0.0001761913299560547,0.0010061264038085938
4.410743713378906e-05,4.1961669921875e-05,3.600120544433594e-05,8.702278137207031e-05
5.888938903808594e-05,9.393692016601562e-05,7.867813110351562e-05,0.0005800724029541016
4.1961669921875e-05,6.699562072753906e-05,5.4836273193359375e-05,0.0002989768981933594
3.0994415283203125e-05,4.6253204345703125e-05,4.100799560546875e-05,0.0001201629638671875
4.506111145019531e-05,5.91278076171875e-05,4.506111145019531e-05,0.0001819133758544922
0.00010085105895996094,0.00013494491577148438,9.608268737792969e-05,0.0001380443572998047
4.410743713378906e-05,6.29425048828125e-05,5.0067901611328125e-05,0.00022721290588378906
7.581710815429688e-05,8.296966552734375e-05,6.985664367675781e-05,0.00038814544677734375
0.00013399124145507812,0.00021505355834960938,0.00012302398681640625,0.0006399154663085938
5.3882598876953125e-05,0.00016880035400390625,0.00010395050048828125,0.00028014183044433594
6.723403930664062e-05,8.392333984375e-05,7.224082946777344e-05,0.0003380775451660156
0.0002338886260986328,0.00013589859008789062,0.00011229515075683594,0.0007212162017822266
4.291534423828125e-05,6.4849853515625e-05,5.507469177246094e-05,0.0002377033233642578
0.00015115737915039062,6.29425048828125e-05,5.1021575927734375e-05,0.00017881393432617188
5.412101745605469e-05,7.724761962890625e-05,6.818771362304688e-05,0.0002391338348388672
5.507469177246094e-05,5.6743621826171875e-05,4.982948303222656e-05,0.0001380443572998047
0.0001919269561767578,0.00015211105346679688,0.00013780593872070312,0.0005340576171875
8.7738037109375e-05,0.00015306472778320312,0.00011801719665527344,0.00030994415283203125
0.0002880096435546875,9.965896606445312e-05,0.0003666877746582031,0.0006148815155029297
4.887580871582031e-05,5.984306335449219e-05,5.1975250244140625e-05,0.00018310546875
6.008148193359375e-05,8.702278137207031e-05,0.00011301040649414062,0.0004668235778808594
5.8650970458984375e-05,9.179115295410156e-05,7.414817810058594e-05,0.0004818439483642578
2.9325485229492188e-05,7.200241088867188e-05,4.100799560546875e-05,8.869171142578125e-05
9.822845458984375e-05,0.00010585784912109375,8.0108642578125e-05,0.00019025802612304688
8.96453857421875e-05,7.605552673339844e-05,6.29425048828125e-05,0.00034308433532714844
6.699562072753906e-05,0.00010395050048828125,8.797645568847656e-05,0.0005681514739990234
0.00013303756713867188,0.00012993812561035156,0.00012302398681640625,0.0002980232238769531
0.0003006458282470703,0.00019097328186035156,0.00022292137145996094,0.0012922286987304688
0.00010180473327636719,0.00011801719665527344,0.00012803077697753906,0.0005049705505371094
4.601478576660156e-05,7.390975952148438e-05,6.008148193359375e-05,0.0002598762512207031
0.00020074844360351562,0.00013399124145507812,0.00010013580322265625,0.0002689361572265625
0.00011706352233886719,0.0001239776611328125,9.703636169433594e-05,0.00039315223693847656
6.29425048828125e-05,7.867813110351562e-05,6.771087646484375e-05,0.00035309791564941406
4.601478576660156e-05,6.604194641113281e-05,5.602836608886719e-05,0.00021696090698242188
5.817413330078125e-05,5.793571472167969e-05,4.792213439941406e-05,0.00013899803161621094
4.1961669921875e-05,6.914138793945312e-05,5.507469177246094e-05,0.0002288818359375
0.000209808349609375,0.0001327991485595703,9.417533874511719e-05,0.00037384033203125
0.00010323524475097656,0.00015091896057128906,0.0001678466796875,0.0003299713134765625
9.226799011230469e-05,0.00013709068298339844,0.00010180473327636719,0.0002849102020263672
3.600120544433594e-05,4.9114227294921875e-05,3.504753112792969e-05,9.012222290039062e-05
0.0001049041748046875,8.702278137207031e-05,6.67572021484375e-05,0.0003592967987060547
0.00011277198791503906,0.00014495849609375,0.00011897087097167969,0.0004999637603759766
0.00012683868408203125,0.00021314620971679688,0.00017881393432617188,0.0012700557708740234
0.00010395050048828125,0.00011229515075683594,8.678436279296875e-05,0.0005252361297607422
0.00013899803161621094,0.00017595291137695312,0.000141143798828125,0.0005829334259033203
8.20159912109375e-05,0.00011324882507324219,0.00010704994201660156,0.0003509521484375
0.00011396408081054688,0.000225067138671875,0.00013208389282226562,0.000560760498046875
5.507469177246094e-05,6.508827209472656e-05,6.4849853515625e-05,0.00018262863159179688
4.100799560546875e-05,5.1021575927734375e-05,4.9114227294921875e-05,0.00011682510375976562
0.00018596649169921875,0.0001728534698486328,0.0001628398895263672,0.0006031990051269531
6.914138793945312e-05,0.00011396408081054688,8.678436279296875e-05,0.0002732276916503906
4.696846008300781e-05,6.604194641113281e-05,5.888938903808594e-05,0.000225067138671875
6.198883056640625e-05,8.0108642578125e-05,7.319450378417969e-05,0.0003509521484375
5.888938903808594e-05,9.107589721679688e-05,8.296966552734375e-05,0.0003731250762939453
5.602836608886719e-05,9.393692016601562e-05,8.606910705566406e-05,0.0005369186401367188
0.00012302398681640625,0.00011992454528808594,9.703636169433594e-05,0.00027179718017578125
0.00014209747314453125,0.00019788742065429688,0.0001418590545654297,0.000823974609375
6.771087646484375e-05,8.606910705566406e-05,8.487701416015625e-05,0.0002541542053222656
6.413459777832031e-05,6.29425048828125e-05,5.4836273193359375e-05,0.00015878677368164062
9.393692016601562e-05,9.131431579589844e-05,7.224082946777344e-05,0.00030493736267089844
0.00014281272888183594,0.0001811981201171875,0.0001862049102783203,0.0007102489471435547
9.012222290039062e-05,0.000102996826171875,9.202957153320312e-05,0.0004191398620605469
4.1961669921875e-05,6.198883056640625e-05,4.982948303222656e-05,0.00019097328186035156
4.57763671875e-05,4.8160552978515625e-05,3.886222839355469e-05,9.608268737792969e-05
3.314018249511719e-05,5.0067901611328125e-05,3.981590270996094e-05,0.00013685226440429688
7.772445678710938e-05,8.392333984375e-05,7.510185241699219e-05,0.0004849433898925781
5.4836273193359375e-05,8.20159912109375e-05,6.67572021484375e-05,0.0003390312194824219
3.814697265625e-05,5.1021575927734375e-05,4.601478576660156e-05,0.0001010894775390625
7.081031799316406e-05,0.00010800361633300781,8.821487426757812e-05,0.0005557537078857422
0.000141143798828125,0.00020885467529296875,7.772445678710938e-05,0.0003190040588378906
0.00013113021850585938,0.00017309188842773438,0.00016188621520996094,0.001220703125
4.696846008300781e-05,6.4849853515625e-05,5.2928924560546875e-05,0.00017118453979492188
7.176399230957031e-05,7.486343383789062e-05,6.4849853515625e-05,0.00024080276489257812
4.1961669921875e-05,5.030632019042969e-05,4.1961669921875e-05,0.0001010894775390625
5.602836608886719e-05,8.487701416015625e-05,7.295608520507812e-05,0.00034689903259277344
0.0002040863037109375,0.0002949237823486328,0.0002410411834716797,0.0006809234619140625
5.1975250244140625e-05,7.486343383789062e-05,5.602836608886719e-05,0.00022602081298828125
7.104873657226562e-05,0.00010609626770019531,0.00013399124145507812,0.0004849433898925781
0.00011706352233886719,0.0002090930938720703,0.00016307830810546875,0.0008420944213867188
6.890296936035156e-05,0.0001270771026611328,6.604194641113281e-05,0.0002110004425048828
7.987022399902344e-05,0.00010585784912109375,0.00018715858459472656,0.0005998611450195312
7.200241088867188e-05,9.799003601074219e-05,8.893013000488281e-05,0.00047779083251953125
0.00013780593872070312,0.0001392364501953125,0.0001049041748046875,0.0003619194030761719
0.00014281272888183594,8.869171142578125e-05,6.008148193359375e-05,0.00027179718017578125
3.886222839355469e-05,4.887580871582031e-05,4.00543212890625e-05,9.894371032714844e-05
8.296966552734375e-05,7.700920104980469e-05,8.797645568847656e-05,0.0002942085266113281
8.702278137207031e-05,0.00012493133544921875,0.0001590251922607422,0.0003802776336669922
0.00015401840209960938,0.0002760887145996094,0.0001728534698486328,0.0015439987182617188
7.104873657226562e-05,7.700920104980469e-05,6.699562072753906e-05,0.00030112266540527344
6.818771362304688e-05,0.00010919570922851562,8.606910705566406e-05,0.0005853176116943359
3.695487976074219e-05,4.887580871582031e-05,4.1961669921875e-05,9.918212890625e-05
8.893013000488281e-05,0.00012803077697753906,0.0001068115234375,0.0003898143768310547
4.601478576660156e-05,0.00010085105895996094,3.790855407714844e-05,0.0002231597900390625
5.0067901611328125e-05,6.079673767089844e-05,4.792213439941406e-05,0.00020503997802734375
0.00023603439331054688,4.8160552978515625e-05,7.700920104980469e-05,0.0007381439208984375
4.291534423828125e-05,5.888938903808594e-05,4.9114227294921875e-05,0.0002040863037109375
3.3855438232421875e-05,5.1021575927734375e-05,4.38690185546875e-05,0.00018596649169921875
3.1948089599609375e-05,4.291534423828125e-05,3.886222839355469e-05,0.00011086463928222656
3.2901763916015625e-05,3.218650817871094e-05,3.0040740966796875e-05,7.104873657226562e-05
3.790855407714844e-05,5.2928924560546875e-05,4.00543212890625e-05,0.00014472007751464844
3.2901763916015625e-05,5.316734313964844e-05,4.291534423828125e-05,0.00023698806762695312
4.506111145019531e-05,5.888938903808594e-05,8.296966552734375e-05,0.0002067089080810547
5.507469177246094e-05,8.034706115722656e-05,6.818771362304688e-05,0.00041604042053222656
2.7894973754882812e-05,3.600120544433594e-05,3.0994415283203125e-05,7.319450378417969e-05
4.315376281738281e-05,7.700920104980469e-05,6.580352783203125e-05,0.0003960132598876953
4.00543212890625e-05,5.91278076171875e-05,5.698204040527344e-05,0.00022983551025390625
4.1961669921875e-05,8.177757263183594e-05,6.580352783203125e-05,0.0004451274871826172
4.57763671875e-05,6.103515625e-05,5.078315734863281e-05,0.0002589225769042969
5.316734313964844e-05,6.008148193359375e-05,5.7220458984375e-05,0.00021982192993164062
4.7206878662109375e-05,5.888938903808594e-05,5.7697296142578125e-05,0.0002760887145996094
4.410743713378906e-05,6.198883056640625e-05,5.3882598876953125e-05,0.00026798248291015625
5.793571472167969e-05,7.510185241699219e-05,6.29425048828125e-05,0.0002791881561279297
3.5762786865234375e-05,4.506111145019531e-05,4.267692565917969e-05,0.0001251697540283203
3.1948089599609375e-05,4.887580871582031e-05,3.981590270996094e-05,0.0001533031463623047
4.7206878662109375e-05,7.009506225585938e-05,6.222724914550781e-05,0.0003018379211425781
4.57763671875e-05,5.602836608886719e-05,5.221366882324219e-05,0.00020575523376464844
4.9114227294921875e-05,6.985664367675781e-05,5.602836608886719e-05,0.00018787384033203125
3.504753112792969e-05,5.5789947509765625e-05,4.506111145019531e-05,0.0002498626708984375
3.719329833984375e-05,5.793571472167969e-05,5.5789947509765625e-05,0.0002589225769042969
4.8160552978515625e-05,7.128715515136719e-05,5.698204040527344e-05,0.0003600120544433594
2.6702880859375e-05,4.1961669921875e-05,3.409385681152344e-05,0.00010895729064941406
2.8848648071289062e-05,4.6253204345703125e-05,3.814697265625e-05,0.00014400482177734375
3.0994415283203125e-05,5.1021575927734375e-05,4.410743713378906e-05,0.0001678466796875
3.719329833984375e-05,4.696846008300781e-05,3.933906555175781e-05,0.00011992454528808594
4.315376281738281e-05,7.081031799316406e-05,6.175041198730469e-05,0.0003688335418701172
3.695487976074219e-05,4.982948303222656e-05,4.1961669921875e-05,0.00014781951904296875
4.8160552978515625e-05,5.030632019042969e-05,4.076957702636719e-05,0.00014734268188476562
4.291534423828125e-05,4.887580871582031e-05,3.62396240234375e-05,0.00014925003051757812
3.3855438232421875e-05,4.076957702636719e-05,3.62396240234375e-05,0.00010800361633300781
2.8133392333984375e-05,4.1961669921875e-05,3.3855438232421875e-05,0.00010800361633300781
4.00543212890625e-05,6.198883056640625e-05,8.416175842285156e-05,0.0003249645233154297
5.4836273193359375e-05,4.8160552978515625e-05,3.814697265625e-05,0.00011086463928222656
3.4809112548828125e-05,4.7206878662109375e-05,4.291534423828125e-05,0.0001571178436279297
4.887580871582031e-05,6.389617919921875e-05,5.602836608886719e-05,0.00027489662170410156
5.125999450683594e-05,6.699562072753906e-05,5.4836273193359375e-05,0.00030994415283203125
4.100799560546875e-05,7.700920104980469e-05,6.604194641113281e-05,0.0003619194030761719
4.1961669921875e-05,6.413459777832031e-05,5.888938903808594e-05,0.00028395652770996094
4.982948303222656e-05,5.888938903808594e-05,5.1021575927734375e-05,0.00021982192993164062
3.62396240234375e-05,4.9114227294921875e-05,4.482269287109375e-05,0.00016808509826660156
4.696846008300781e-05,7.700920104980469e-05,6.318092346191406e-05,0.0004699230194091797
3.814697265625e-05,5.507469177246094e-05,4.792213439941406e-05,0.00017213821411132812
4.7206878662109375e-05,6.198883056640625e-05,5.2928924560546875e-05,0.00022411346435546875
6.079673767089844e-05,4.601478576660156e-05,3.695487976074219e-05,0.0001010894775390625
4.124641418457031e-05,6.604194641113281e-05,5.078315734863281e-05,0.0002548694610595703
4.458427429199219e-05,9.584426879882812e-05,5.4836273193359375e-05,0.00030112266540527344
2.8848648071289062e-05,4.1961669921875e-05,3.814697265625e-05,0.00011086463928222656
4.100799560546875e-05,5.3882598876953125e-05,6.008148193359375e-05,0.00018310546875
3.504753112792969e-05,5.1021575927734375e-05,4.291534423828125e-05,0.0001609325408935547
2.5987625122070312e-05,3.790855407714844e-05,3.528594970703125e-05,0.00010085105895996094
3.5762786865234375e-05,3.7670135498046875e-05,3.600120544433594e-05,7.987022399902344e-05
4.076957702636719e-05,6.508827209472656e-05,6.008148193359375e-05,0.0003211498260498047
3.0994415283203125e-05,4.601478576660156e-05,3.910064697265625e-05,0.00017595291137695312
4.696846008300781e-05,6.389617919921875e-05,6.389617919921875e-05,0.0002338886260986328
3.0040740966796875e-05,4.482269287109375e-05,3.981590270996094e-05,0.0001499652862548828
2.5033950805664062e-05,3.790855407714844e-05,3.0040740966796875e-05,0.00010013580322265625
4.887580871582031e-05,7.796287536621094e-05,6.389617919921875e-05,0.0004150867462158203
4.696846008300781e-05,7.987022399902344e-05,6.103515625e-05,0.000347137451171875
3.886222839355469e-05,5.507469177246094e-05,4.7206878662109375e-05,0.00020194053649902344
4.506111145019531e-05,5.91278076171875e-05,4.9114227294921875e-05,0.0002570152282714844
5.507469177246094e-05,7.891654968261719e-05,6.389617919921875e-05,0.0004019737243652344
7.295608520507812e-05,7.891654968261719e-05,6.4849853515625e-05,0.0004558563232421875
3.981590270996094e-05,5.3882598876953125e-05,5.2928924560546875e-05,0.00017786026000976562
3.504753112792969e-05,5.507469177246094e-05,4.887580871582031e-05,0.00020313262939453125
3.314018249511719e-05,3.790855407714844e-05,3.1948089599609375e-05,7.295608520507812e-05
3.2901763916015625e-05,8.106231689453125e-05,4.76837158203125e-05,0.0002799034118652344
5.5789947509765625e-05,7.796287536621094e-05,0.00010228157043457031,0.0004911422729492188
4.38690185546875e-05,5.984306335449219e-05,4.887580871582031e-05,0.00021910667419433594
3.409385681152344e-05,3.4809112548828125e-05,2.9802322387695312e-05,7.295608520507812e-05
4.506111145019531e-05,4.410743713378906e-05,3.6716461181640625e-05,0.00010991096496582031
2.7179718017578125e-05,4.124641418457031e-05,3.314018249511719e-05,0.00011229515075683594
4.887580871582031e-05,5.2928924560546875e-05,4.506111145019531e-05,0.00015807151794433594
3.0994415283203125e-05,6.103515625e-05,3.409385681152344e-05,7.891654968261719e-05
4.506111145019531e-05,7.081031799316406e-05,6.413459777832031e-05,0.0003399848937988281
9.417533874511719e-05,6.389617919921875e-05,5.2928924560546875e-05,0.00021767616271972656
3.1948089599609375e-05,4.291534423828125e-05,3.600120544433594e-05,0.00011205673217773438
3.409385681152344e-05,5.2928924560546875e-05,5.1975250244140625e-05,0.00021576881408691406
4.1961669921875e-05,3.886222839355469e-05,3.504753112792969e-05,7.891654968261719e-05
3.695487976074219e-05,5.0067901611328125e-05,4.887580871582031e-05,0.0001590251922607422
3.62396240234375e-05,5.698204040527344e-05,4.601478576660156e-05,0.00021576881408691406
5.078315734863281e-05,6.413459777832031e-05,7.104873657226562e-05,0.00022602081298828125
3.314018249511719e-05,5.0067901611328125e-05,4.100799560546875e-05,0.00020194053649902344
3.790855407714844e-05,4.696846008300781e-05,3.981590270996094e-05,0.00016307830810546875
0.00013899803161621094,0.00017595291137695312,0.00019931793212890625,0.0011317729949951172
4.00543212890625e-05,5.4836273193359375e-05,4.6253204345703125e-05,0.0001747608184814453
4.100799560546875e-05,6.508827209472656e-05,6.723403930664062e-05,0.0002818107604980469
4.1961669921875e-05,6.079673767089844e-05,5.078315734863281e-05,0.00017380714416503906
5.5789947509765625e-05,9.083747863769531e-05,6.29425048828125e-05,0.0003120899200439453
0.00010776519775390625,0.00015306472778320312,0.00012183189392089844,0.0005350112915039062
9.107589721679688e-05,0.0001220703125,8.869171142578125e-05,0.00026702880859375
8.58306884765625e-05,0.00011801719665527344,0.0001010894775390625,0.00028395652770996094
0.00010704994201660156,0.00014495849609375,0.00011086463928222656,0.0004851818084716797
3.719329833984375e-05,4.9114227294921875e-05,4.1961669921875e-05,0.00011396408081054688
5.1975250244140625e-05,7.081031799316406e-05,6.103515625e-05,0.0002880096435546875
4.887580871582031e-05,6.67572021484375e-05,6.794929504394531e-05,0.0002486705780029297
3.4809112548828125e-05,5.1021575927734375e-05,4.1961669921875e-05,0.00016307830810546875
9.393692016601562e-05,0.00012493133544921875,0.00010013580322265625,0.0002818107604980469
0.00011301040649414062,0.0002968311309814453,0.00018596649169921875,0.0006372928619384766
5.507469177246094e-05,8.0108642578125e-05,6.794929504394531e-05,0.0003781318664550781
5.1975250244140625e-05,7.295608520507812e-05,6.103515625e-05,0.0003046989440917969
3.0994415283203125e-05,6.008148193359375e-05,3.719329833984375e-05,0.00012087821960449219
0.00016617774963378906,9.584426879882812e-05,8.20159912109375e-05,0.0001900196075439453
9.393692016601562e-05,0.00012493133544921875,0.0001289844512939453,0.0001800060272216797
0.00021195411682128906,0.00019598007202148438,0.00016498565673828125,0.0004620552062988281
5.030632019042969e-05,7.510185241699219e-05,6.008148193359375e-05,0.00031685829162597656
7.510185241699219e-05,7.700920104980469e-05,4.38690185546875e-05,9.179115295410156e-05
5.91278076171875e-05,9.274482727050781e-05,8.130073547363281e-05,0.0004990100860595703
0.0001380443572998047,0.00020503997802734375,0.0001709461212158203,0.0010488033294677734
4.601478576660156e-05,6.079673767089844e-05,5.2928924560546875e-05,0.0001919269561767578
3.790855407714844e-05,5.793571472167969e-05,4.982948303222656e-05,0.00017213821411132812
4.506111145019531e-05,6.67572021484375e-05,5.602836608886719e-05,0.00025177001953125
6.413459777832031e-05,4.291534423828125e-05,3.910064697265625e-05,8.797645568847656e-05
5.793571472167969e-05,9.393692016601562e-05,7.891654968261719e-05,0.00040411949157714844
0.0001327991485595703,0.00015497207641601562,0.0002551078796386719,0.0009288787841796875
3.409385681152344e-05,4.506111145019531e-05,4.00543212890625e-05,9.417533874511719e-05
6.198883056640625e-05,9.608268737792969e-05,8.106231689453125e-05,0.0005168914794921875
5.078315734863281e-05,8.702278137207031e-05,7.605552673339844e-05,0.0004558563232421875
5.698204040527344e-05,5.888938903808594e-05,4.7206878662109375e-05,0.00014090538024902344
3.314018249511719e-05,4.9114227294921875e-05,4.029273986816406e-05,0.00012993812561035156
0.00019025802612304688,0.00014591217041015625,0.00015401840209960938,0.0005288124084472656
6.29425048828125e-05,8.511543273925781e-05,7.987022399902344e-05,0.0003972053527832031
6.794929504394531e-05,0.00010013580322265625,7.82012939453125e-05,0.0006690025329589844
5.6743621826171875e-05,6.079673767089844e-05,5.4836273193359375e-05,0.00022220611572265625
6.29425048828125e-05,7.176399230957031e-05,6.008148193359375e-05,0.00020885467529296875
5.030632019042969e-05,7.009506225585938e-05,5.602836608886719e-05,0.0002028942108154297
0.0001270771026611328,0.0001609325408935547,0.00011992454528808594,0.0006899833679199219
8.082389831542969e-05,0.00011587142944335938,0.00017786026000976562,0.0007188320159912109
0.00012993812561035156,7.724761962890625e-05,6.508827209472656e-05,0.00021123886108398438
6.031990051269531e-05,6.29425048828125e-05,5.3882598876953125e-05,0.00015282630920410156
5.698204040527344e-05,0.00019884109497070312,9.298324584960938e-05,0.0004360675811767578
0.0001270771026611328,0.00018310546875,9.179115295410156e-05,0.00047397613525390625
4.6253204345703125e-05,5.412101745605469e-05,4.506111145019531e-05,0.00010204315185546875
6.985664367675781e-05,0.00010800361633300781,9.131431579589844e-05,0.0005829334259033203
0.0001201629638671875,5.507469177246094e-05,4.315376281738281e-05,0.00010180473327636719
0.00015401840209960938,0.0001220703125,9.799003601074219e-05,0.00024509429931640625
8.440017700195312e-05,0.00012302398681640625,9.989738464355469e-05,0.0006451606750488281
7.700920104980469e-05,0.00010013580322265625,8.106231689453125e-05,0.00040984153747558594
7.605552673339844e-05,0.00011801719665527344,9.322166442871094e-05,0.0006818771362304688
0.00011110305786132812,0.00016617774963378906,0.0001442432403564453,0.0003581047058105469
9.417533874511719e-05,0.00011086463928222656,7.987022399902344e-05,0.0003490447998046875
6.008148193359375e-05,9.298324584960938e-05,8.082389831542969e-05,0.00040912628173828125
6.794929504394531e-05,8.606910705566406e-05,9.107589721679688e-05,0.00027298927307128906
0.00012922286987304688,0.0002071857452392578,0.0001609325408935547,0.0012869834899902344
0.00012993812561035156,9.989738464355469e-05,0.00012111663818359375,0.0002608299255371094
8.916854858398438e-05,0.0001671314239501953,9.393692016601562e-05,0.0002899169921875
0.0001270771026611328,0.00015735626220703125,0.00026798248291015625,0.0005922317504882812
9.489059448242188e-05,0.0001220703125,0.00010395050048828125,0.0003609657287597656
0.00017261505126953125,0.00020074844360351562,0.00011110305786132812,0.0005209445953369141
4.76837158203125e-05,6.318092346191406e-05,5.507469177246094e-05,0.00016689300537109375
0.00018310546875,0.00020599365234375,0.00017404556274414062,0.0009169578552246094
0.00013399124145507812,0.0001430511474609375,0.00011801719665527344,0.0005159378051757812
0.00018405914306640625,0.00019598007202148438,0.00020813941955566406,0.0005230903625488281
6.413459777832031e-05,9.417533874511719e-05,7.772445678710938e-05,0.0004100799560546875
4.506111145019531e-05,5.91278076171875e-05,4.8160552978515625e-05,0.00010991096496582031
5.2928924560546875e-05,5.3882598876953125e-05,5.1975250244140625e-05,0.00011396408081054688
0.00013494491577148438,0.0001621246337890625,0.0001652240753173828,0.00057220458984375
4.7206878662109375e-05,5.1021575927734375e-05,3.886222839355469e-05,0.0001678466796875
7.510185241699219e-05,0.00010395050048828125,0.00010395050048828125,0.00043201446533203125
5.5789947509765625e-05,7.295608520507812e-05,6.103515625e-05,0.00018715858459472656
0.00010204315185546875,0.00013494491577148438,0.00010013580322265625,0.0003020763397216797
0.00010919570922851562,0.0003609657287597656,0.0003867149353027344,0.0003421306610107422
7.081031799316406e-05,9.608268737792969e-05,0.000102996826171875,0.0003750324249267578
5.507469177246094e-05,6.771087646484375e-05,6.890296936035156e-05,0.0001919269561767578
0.00010204315185546875,0.00011491775512695312,0.00010013580322265625,0.0002751350402832031
0.0002269744873046875,0.0003781318664550781,0.000179290771484375,0.0008721351623535156
4.887580871582031e-05,7.510185241699219e-05,6.914138793945312e-05,0.00023293495178222656
3.886222839355469e-05,7.009506225585938e-05,4.601478576660156e-05,0.00010704994201660156
0.00015306472778320312,0.00022482872009277344,0.00016808509826660156,0.0011472702026367188
0.00013303756713867188,0.00010013580322265625,8.487701416015625e-05,0.0004773139953613281
6.794929504394531e-05,0.00010395050048828125,0.00012803077697753906,0.0003724098205566406
9.703636169433594e-05,0.00014591217041015625,9.393692016601562e-05,0.00029087066650390625
6.914138793945312e-05,8.893013000488281e-05,9.298324584960938e-05,0.0001990795135498047
0.0001690387725830078,0.0003452301025390625,0.00011491775512695312,0.00040602684020996094
5.7220458984375e-05,7.510185241699219e-05,6.604194641113281e-05,0.0001850128173828125
7.200241088867188e-05,8.678436279296875e-05,7.200241088867188e-05,0.0003161430358886719
6.103515625e-05,6.67572021484375e-05,5.3882598876953125e-05,0.0001628398895263672
8.487701416015625e-05,0.00011801719665527344,9.894371032714844e-05,0.0002751350402832031
0.00039005279541015625,0.00028204917907714844,0.00013208389282226562,0.0006048679351806641
6.580352783203125e-05,9.107589721679688e-05,7.390975952148438e-05,0.00034999847412109375
4.9114227294921875e-05,7.224082946777344e-05,5.817413330078125e-05,0.00021886825561523438
4.792213439941406e-05,4.887580871582031e-05,4.76837158203125e-05,0.00010919570922851562
0.00013899803161621094,0.00021409988403320312,0.0001838207244873047,0.0008578300476074219
0.00011897087097167969,0.00011897087097167969,7.009506225585938e-05,0.0001919269561767578
4.887580871582031e-05,7.700920104980469e-05,6.389617919921875e-05,0.0002770423889160156
7.891654968261719e-05,5.5789947509765625e-05,4.887580871582031e-05,0.00010609626770019531
0.0001499652862548828,0.0001361370086669922,0.00011014938354492188,0.0004138946533203125
0.00024700164794921875,0.0001430511474609375,0.00026297569274902344,0.00019979476928710938
5.793571472167969e-05,6.508827209472656e-05,5.3882598876953125e-05,0.0002391338348388672
4.100799560546875e-05,6.222724914550781e-05,4.8160552978515625e-05,0.00019598007202148438
6.794929504394531e-05,6.198883056640625e-05,4.887580871582031e-05,0.00016617774963378906
9.202957153320312e-05,0.00010704994201660156,8.392333984375e-05,0.0003609657287597656
5.2928924560546875e-05,6.985664367675781e-05,6.29425048828125e-05,0.00017881393432617188
4.8160552978515625e-05,6.699562072753906e-05,5.698204040527344e-05,0.00018095970153808594
5.817413330078125e-05,6.699562072753906e-05,6.198883056640625e-05,0.00017213821411132812
6.699562072753906e-05,9.584426879882812e-05,7.987022399902344e-05,0.0004112720489501953
3.600120544433594e-05,5.1021575927734375e-05,5.1021575927734375e-05,0.00012087821960449219
0.00014209747314453125,0.0002281665802001953,0.00010180473327636719,0.0004398822784423828
7.605552673339844e-05,0.0001251697540283203,0.00010204315185546875,0.00061798095703125
7.081031799316406e-05,9.608268737792969e-05,9.012222290039062e-05,0.00039505958557128906
4.887580871582031e-05,7.605552673339844e-05,6.508827209472656e-05,0.00022602081298828125
0.00011706352233886719,0.00013494491577148438,0.00016307830810546875,0.0003771781921386719
7.319450378417969e-05,8.487701416015625e-05,7.486343383789062e-05,0.0002586841583251953
7.700920104980469e-05,0.00011610984802246094,9.799003601074219e-05,0.0006480216979980469
4.076957702636719e-05,5.793571472167969e-05,4.696846008300781e-05,0.00015473365783691406
7.009506225585938e-05,9.322166442871094e-05,8.916854858398438e-05,0.0004172325134277344
0.0001819133758544922,0.0002448558807373047,0.0001671314239501953,0.0010068416595458984
7.915496826171875e-05,0.00014591217041015625,0.00011897087097167969,0.0006451606750488281
3.695487976074219e-05,5.1021575927734375e-05,4.792213439941406e-05,0.00011324882507324219
8.0108642578125e-05,0.00011897087097167969,9.703636169433594e-05,0.0005450248718261719
6.198883056640625e-05,0.0002892017364501953,0.0002608299255371094,0.0003619194030761719
7.510185241699219e-05,6.914138793945312e-05,5.7220458984375e-05,0.0001678466796875
6.413459777832031e-05,0.00010085105895996094,0.000102996826171875,0.00045990943908691406
0.00011014938354492188,0.0001609325408935547,0.0001850128173828125,0.0005838871002197266
0.00013899803161621094,0.00022029876708984375,0.00016570091247558594,0.0011510848999023438
0.000209808349609375,8.106231689453125e-05,6.413459777832031e-05,0.00026488304138183594
4.100799560546875e-05,5.6743621826171875e-05,4.506111145019531e-05,0.00019097328186035156
5.2928924560546875e-05,7.390975952148438e-05,6.079673767089844e-05,0.0002651214599609375
0.00014209747314453125,0.0001361370086669922,0.0001049041748046875,0.0005087852478027344
6.008148193359375e-05,6.079673767089844e-05,5.1021575927734375e-05,0.00015616416931152344
5.817413330078125e-05,6.222724914550781e-05,9.012222290039062e-05,0.00015091896057128906
5.888938903808594e-05,8.606910705566406e-05,7.796287536621094e-05,0.000324249267578125
6.914138793945312e-05,5.698204040527344e-05,4.696846008300781e-05,0.00010776519775390625
0.000102996826171875,0.00014495849609375,0.00012803077697753906,0.0005600452423095703
0.000102996826171875,9.393692016601562e-05,9.274482727050781e-05,0.00022983551025390625
7.82012939453125e-05,0.0001518726348876953,0.0001480579376220703,0.0006611347198486328
6.508827209472656e-05,0.00010085105895996094,8.416175842285156e-05,0.0004930496215820312
5.1021575927734375e-05,6.67572021484375e-05,5.2928924560546875e-05,0.00016689300537109375
0.00010085105895996094,0.0001289844512939453,0.0001049041748046875,0.00037407875061035156
0.00014281272888183594,0.00024390220642089844,0.0001678466796875,0.0008580684661865234
7.915496826171875e-05,0.00010585784912109375,8.869171142578125e-05,0.0005218982696533203
5.602836608886719e-05,9.202957153320312e-05,8.797645568847656e-05,0.00033402442932128906
6.29425048828125e-05,8.130073547363281e-05,7.128715515136719e-05,0.0002598762512207031
8.606910705566406e-05,0.00011897087097167969,0.00013589859008789062,0.0003070831298828125
6.914138793945312e-05,0.00011515617370605469,0.00010013580322265625,0.0005519390106201172
5.7697296142578125e-05,9.965896606445312e-05,8.296966552734375e-05,0.00042510032653808594
5.7220458984375e-05,8.511543273925781e-05,9.894371032714844e-05,0.0002751350402832031
4.100799560546875e-05,6.29425048828125e-05,5.7220458984375e-05,0.0001659393310546875
0.00013899803161621094,0.00022101402282714844,0.00020194053649902344,0.0010488033294677734
7.82012939453125e-05,0.00011610984802246094,9.298324584960938e-05,0.00060272216796875
4.506111145019531e-05,6.508827209472656e-05,5.4836273193359375e-05,0.000125885009765625
4.9114227294921875e-05,7.104873657226562e-05,5.3882598876953125e-05,0.0001800060272216797
0.0001437664031982422,0.0001819133758544922,0.00015401840209960938,0.0009660720825195312
0.00011873245239257812,9.179115295410156e-05,7.510185241699219e-05,0.00026798248291015625
7.081031799316406e-05,7.200241088867188e-05,7.200241088867188e-05,0.00018310546875
6.67572021484375e-05,9.179115295410156e-05,4.601478576660156e-05,9.918212890625e-05
0.00014495849609375,0.00015687942504882812,0.0001399517059326172,0.0006091594696044922
0.0007569789886474609,0.00013208389282226562,5.316734313964844e-05,0.00014209747314453125
4.1961669921875e-05,5.698204040527344e-05,4.792213439941406e-05,0.00014328956604003906
5.507469177246094e-05,5.888938903808594e-05,5.3882598876953125e-05,0.00014901161193847656
4.601478576660156e-05,7.128715515136719e-05,6.389617919921875e-05,0.00026679039001464844
6.699562072753906e-05,8.296966552734375e-05,7.605552673339844e-05,0.00028896331787109375
0.00013113021850585938,0.00024008750915527344,0.0006918907165527344,0.0010190010070800781
0.0001480579376220703,0.0002281665802001953,0.0002548694610595703,0.0008900165557861328
7.081031799316406e-05,0.00011801719665527344,0.00010323524475097656,0.0005853176116943359
5.888938903808594e-05,9.584426879882812e-05,7.82012939453125e-05,0.0004470348358154297
0.00013899803161621094,0.00023794174194335938,0.00017380714416503906,0.0011801719665527344
6.079673767089844e-05,4.792213439941406e-05,4.1961669921875e-05,9.608268737792969e-05
5.507469177246094e-05,4.506111145019531e-05,4.076957702636719e-05,9.608268737792969e-05
7.486343383789062e-05,6.914138793945312e-05,5.698204040527344e-05,0.00021600723266601562
6.818771362304688e-05,8.702278137207031e-05,9.012222290039062e-05,0.0003998279571533203
8.821487426757812e-05,0.00012087821960449219,0.00013375282287597656,0.0003199577331542969
5.1975250244140625e-05,0.00019288063049316406,9.799003601074219e-05,0.0002460479736328125
7.486343383789062e-05,0.0001251697540283203,9.918212890625e-05,0.000762939453125
4.696846008300781e-05,5.602836608886719e-05,5.1021575927734375e-05,0.00011610984802246094
0.00013971328735351562,0.00020194053649902344,8.606910705566406e-05,0.0004429817199707031
4.57763671875e-05,7.700920104980469e-05,6.818771362304688e-05,0.0002467632293701172
6.389617919921875e-05,9.393692016601562e-05,7.700920104980469e-05,0.00040078163146972656
0.00017404556274414062,0.00013899803161621094,0.00011014938354492188,0.00037097930908203125
8.0108642578125e-05,0.0001227855682373047,0.00011110305786132812,0.000408172607421875
0.000125885009765625,0.0001537799835205078,0.00011396408081054688,0.0004980564117431641
0.00032210350036621094,0.00016307830810546875,0.0001327991485595703,0.0005161762237548828
0.0001380443572998047,0.00011014938354492188,8.392333984375e-05,0.00036978721618652344
0.00015282630920410156,0.0002110004425048828,0.0001819133758544922,0.0005140304565429688
7.295608520507812e-05,0.00010967254638671875,8.916854858398438e-05,0.0005130767822265625
3.886222839355469e-05,5.793571472167969e-05,4.1961669921875e-05,0.0001399517059326172
5.793571472167969e-05,9.417533874511719e-05,8.106231689453125e-05,0.00045013427734375
0.00011277198791503906,0.0002071857452392578,0.0001499652862548828,0.0010619163513183594
4.029273986816406e-05,4.982948303222656e-05,4.410743713378906e-05,0.00010180473327636719
4.601478576660156e-05,4.601478576660156e-05,4.410743713378906e-05,0.00010514259338378906
8.797645568847656e-05,7.82012939453125e-05,5.7220458984375e-05,0.00020599365234375
2.9802322387695312e-05,4.57763671875e-05,3.886222839355469e-05,9.703636169433594e-05
0.00010704994201660156,0.00013518333435058594,0.00010514259338378906,0.0005300045013427734
6.4849853515625e-05,7.891654968261719e-05,0.00012493133544921875,0.0003707408905029297
6.985664367675781e-05,0.0001049041748046875,9.179115295410156e-05,0.00045108795166015625
4.9114227294921875e-05,7.915496826171875e-05,6.580352783203125e-05,0.00029015541076660156
6.604194641113281e-05,0.00010824203491210938,8.7738037109375e-05,0.0007190704345703125
5.793571472167969e-05,6.29425048828125e-05,5.698204040527344e-05,0.00020074844360351562
4.601478576660156e-05,6.4849853515625e-05,5.1975250244140625e-05,0.00014901161193847656
3.790855407714844e-05,5.316734313964844e-05,4.482269287109375e-05,0.0001430511474609375
4.1961669921875e-05,9.489059448242188e-05,6.198883056640625e-05,0.00023174285888671875
4.6253204345703125e-05,7.605552673339844e-05,6.103515625e-05,0.00033593177795410156
0.0001220703125,0.00014901161193847656,8.916854858398438e-05,0.00019598007202148438
7.605552673339844e-05,0.00010275840759277344,9.202957153320312e-05,0.00026488304138183594
6.604194641113281e-05,9.703636169433594e-05,8.797645568847656e-05,0.0004899501800537109
7.033348083496094e-05,0.0001201629638671875,0.00010013580322265625,0.0006289482116699219
7.009506225585938e-05,0.00011181831359863281,9.584426879882812e-05,0.0005857944488525391
4.00543212890625e-05,6.198883056640625e-05,5.4836273193359375e-05,0.0001659393310546875
0.00014591217041015625,0.0001621246337890625,0.00019288063049316406,0.000579833984375
7.891654968261719e-05,0.0001163482666015625,9.894371032714844e-05,0.0006558895111083984
5.0067901611328125e-05,7.915496826171875e-05,6.604194641113281e-05,0.0002911090850830078
7.700920104980469e-05,7.605552673339844e-05,7.700920104980469e-05,0.00022482872009277344
7.677078247070312e-05,0.00011968612670898438,9.989738464355469e-05,0.0005598068237304688
0.0001361370086669922,0.0001308917999267578,0.00018405914306640625,0.0006279945373535156
7.700920104980469e-05,9.012222290039062e-05,8.606910705566406e-05,0.0003020763397216797
5.0067901611328125e-05,0.00011968612670898438,5.888938903808594e-05,0.00021719932556152344
6.103515625e-05,9.274482727050781e-05,7.772445678710938e-05,0.00040221214294433594
0.00010800361633300781,0.00010895729064941406,8.511543273925781e-05,0.00027108192443847656
6.175041198730469e-05,8.296966552734375e-05,7.510185241699219e-05,0.00030803680419921875
6.818771362304688e-05,0.00010180473327636719,9.107589721679688e-05,0.0004780292510986328
6.580352783203125e-05,0.00010609626770019531,8.821487426757812e-05,0.0005590915679931641
6.198883056640625e-05,0.00010228157043457031,8.511543273925781e-05,0.0005311965942382812
5.078315734863281e-05,5.91278076171875e-05,4.887580871582031e-05,0.0001480579376220703
0.0004088878631591797,0.00017404556274414062,0.00013709068298339844,0.017918825149536133
7.43865966796875e-05,0.00011110305786132812,9.012222290039062e-05,0.0012178421020507812
8.392333984375e-05,6.198883056640625e-05,4.792213439941406e-05,0.00013494491577148438
4.506111145019531e-05,5.817413330078125e-05,4.6253204345703125e-05,0.00014901161193847656
7.009506225585938e-05,7.104873657226562e-05,5.602836608886719e-05,0.000209808349609375
7.987022399902344e-05,0.00010991096496582031,9.393692016601562e-05,0.0005702972412109375
5.91278076171875e-05,7.796287536621094e-05,7.295608520507812e-05,0.0002810955047607422
6.008148193359375e-05,8.106231689453125e-05,6.890296936035156e-05,0.0002391338348388672
4.506111145019531e-05,7.200241088867188e-05,5.2928924560546875e-05,0.0001800060272216797
6.604194641113281e-05,0.00010204315185546875,8.225440979003906e-05,0.0006201267242431641
6.4849853515625e-05,0.0001399517059326172,9.202957153320312e-05,0.0006411075592041016
7.82012939453125e-05,0.0001201629638671875,8.7738037109375e-05,0.0008680820465087891
4.8160552978515625e-05,6.723403930664062e-05,5.412101745605469e-05,0.00019598007202148438
5.984306335449219e-05,7.295608520507812e-05,6.4849853515625e-05,0.00023818016052246094
6.079673767089844e-05,0.00010085105895996094,8.606910705566406e-05,0.0004448890686035156
3.814697265625e-05,5.817413330078125e-05,4.887580871582031e-05,0.00014472007751464844
5.602836608886719e-05,5.1021575927734375e-05,4.696846008300781e-05,0.00013208389282226562
6.914138793945312e-05,9.012222290039062e-05,8.082389831542969e-05,0.00031495094299316406
6.103515625e-05,6.031990051269531e-05,5.125999450683594e-05,0.00015783309936523438
3.719329833984375e-05,5.698204040527344e-05,4.6253204345703125e-05,0.0001499652862548828
7.009506225585938e-05,0.00010395050048828125,8.511543273925781e-05,0.0005838871002197266
5.91278076171875e-05,9.703636169433594e-05,8.702278137207031e-05,0.0005419254302978516
9.226799011230469e-05,0.00017404556274414062,0.00019216537475585938,0.00037789344787597656
6.413459777832031e-05,5.507469177246094e-05,4.267692565917969e-05,0.0001010894775390625
4.57763671875e-05,4.887580871582031e-05,4.410743713378906e-05,0.00013113021850585938
5.1021575927734375e-05,6.818771362304688e-05,5.698204040527344e-05,0.0002472400665283203
5.507469177246094e-05,6.4849853515625e-05,5.7220458984375e-05,0.00024509429931640625
4.887580871582031e-05,8.106231689453125e-05,0.00011396408081054688,0.0004868507385253906
5.2928924560546875e-05,0.00013685226440429688,5.6743621826171875e-05,0.00018095970153808594
5.1975250244140625e-05,7.605552673339844e-05,6.198883056640625e-05,0.00037384033203125
3.218650817871094e-05,3.981590270996094e-05,3.62396240234375e-05,8.702278137207031e-05
5.412101745605469e-05,5.698204040527344e-05,4.887580871582031e-05,0.00016999244689941406
3.504753112792969e-05,4.100799560546875e-05,4.1961669921875e-05,9.298324584960938e-05
2.7894973754882812e-05,4.00543212890625e-05,3.409385681152344e-05,8.606910705566406e-05
8.511543273925781e-05,0.00010800361633300781,0.00013518333435058594,0.00027632713317871094
7.009506225585938e-05,0.00011110305786132812,8.797645568847656e-05,0.0007817745208740234
5.817413330078125e-05,8.916854858398438e-05,8.416175842285156e-05,0.0003361701965332031
9.679794311523438e-05,8.392333984375e-05,7.104873657226562e-05,0.00028395652770996094
3.0994415283203125e-05,4.506111145019531e-05,3.504753112792969e-05,9.107589721679688e-05
5.7220458984375e-05,7.295608520507812e-05,5.817413330078125e-05,0.00021600723266601562
4.887580871582031e-05,5.7697296142578125e-05,4.506111145019531e-05,0.00015282630920410156
5.602836608886719e-05,7.987022399902344e-05,6.771087646484375e-05,0.0003383159637451172
3.6716461181640625e-05,5.507469177246094e-05,4.696846008300781e-05,0.0001430511474609375
3.981590270996094e-05,5.1975250244140625e-05,4.601478576660156e-05,0.00013494491577148438
6.198883056640625e-05,0.00010013580322265625,8.296966552734375e-05,0.0005309581756591797
3.981590270996094e-05,5.698204040527344e-05,4.601478576660156e-05,0.00014281272888183594
6.604194641113281e-05,6.508827209472656e-05,6.198883056640625e-05,0.00016307830810546875
6.604194641113281e-05,0.00012636184692382812,8.606910705566406e-05,0.0005018711090087891
8.416175842285156e-05,0.00010585784912109375,8.702278137207031e-05,0.0005640983581542969
3.5762786865234375e-05,4.7206878662109375e-05,4.1961669921875e-05,9.822845458984375e-05
7.605552673339844e-05,0.00010967254638671875,8.893013000488281e-05,0.0006427764892578125
4.100799560546875e-05,5.2928924560546875e-05,4.506111145019531e-05,0.0001437664031982422
4.792213439941406e-05,6.890296936035156e-05,5.507469177246094e-05,0.00022220611572265625
9.107589721679688e-05,8.678436279296875e-05,7.295608520507812e-05,0.0002961158752441406
8.893013000488281e-05,9.298324584960938e-05,0.00013685226440429688,0.0004429817199707031
4.696846008300781e-05,6.67572021484375e-05,5.793571472167969e-05,0.0002167224884033203
5.602836608886719e-05,8.511543273925781e-05,6.985664367675781e-05,0.0003650188446044922
4.410743713378906e-05,7.510185241699219e-05,5.793571472167969e-05,0.0002770423889160156
5.5789947509765625e-05,5.7697296142578125e-05,4.6253204345703125e-05,0.0001709461212158203
5.793571472167969e-05,8.606910705566406e-05,7.414817810058594e-05,0.00041604042053222656
5.817413330078125e-05,8.58306884765625e-05,6.914138793945312e-05,0.0004017353057861328
5.3882598876953125e-05,7.295608520507812e-05,6.29425048828125e-05,0.00033283233642578125
5.3882598876953125e-05,9.298324584960938e-05,7.605552673339844e-05,0.00047898292541503906
3.600120544433594e-05,5.1021575927734375e-05,4.1961669921875e-05,0.00017261505126953125
8.106231689453125e-05,7.224082946777344e-05,5.507469177246094e-05,0.0002269744873046875
4.315376281738281e-05,9.393692016601562e-05,7.915496826171875e-05,0.0003998279571533203
0.00010204315185546875,0.00010538101196289062,9.202957153320312e-05,0.0002999305725097656
